PG_ID,PG_Name,Location,Rent,Amenities,Contact_Number,Ratings,Reviews,Gender,Nearby_places
1,"Green Nest PG",Koramangala,8500,"WiFi, AC, Food",9876543210,4.5,120,Boys,"Near Forum Mall"
2,"Blue Stay PG",Whitefield,7500,"WiFi, Laundry",9876543211,4.2,85,Co-living,"Near ITPL"
3,"Cozy Nest PG",Marathahalli,9000,"WiFi, AC, Food, Laundry",9876543212,4.8,200,Boys,"Near Innovative Multiplex"
4,"Urban Hive PG","Electronic City",7000,WiFi,9876543213,3.9,60,Co-living,"Near Wipro Gate"
5,"Royal Comfort PG",Indiranagar,9500,"WiFi, AC, Food",9876543214,4.7,150,Boys,"Near Metro Station"
6,"Techie Stay",Whitefield,8000,"WiFi, Laundry",9876543215,4.3,90,Co-living,"Near Sigma Tech Park"
7,"Comfort Homes","HSR Layout",9500,"WiFi, AC, Food",9876543216,4.6,110,Boys,"Close to Sarjapur Road"
8,"Elite PG",Koramangala,10000,"WiFi, AC, Laundry",9876543217,4.7,130,Girls,"Adjacent to Forum Mall"
9,"Serenity Living","JP Nagar",7000,"WiFi, Food",9876543218,4.2,75,Co-living,"Near RV Dental College"
10,"Silicon Valley PG","Electronic City",6500,WiFi,9876543219,4,60,Boys,"Proximity to Wipro Campus"
11,"Urban Nest","BTM Layout",8000,"WiFi, AC, Food",9876543220,4.1,95,Girls,"Near BTM Lake"
12,"Metro PG",Yeshwanthpur,7200,"WiFi, Laundry",9876543221,3.9,80,Boys,"Close to Metro Station"
13,"Lakeview PG",Hebbal,8500,"WiFi, AC, Food",9876543222,4.5,100,Co-living,"Overlooking Hebbal Lake"
14,"Sunrise PG",Bellandur,7800,"WiFi, Laundry",9876543223,4.2,85,Girls,"Near Bellandur Central Mall"
15,"Harmony PG","Sarjapur Road",8200,"WiFi, AC, Food",9876543224,4.3,90,Boys,"Adjacent to Wipro HQ"
16,"Tranquil Stay","Kalyan Nagar",7500,"WiFi, Food",9876543225,4.1,70,Co-living,"Near Elements Mall"
17,"Oasis PG",Banashankari,7000,"WiFi, Laundry",9876543226,3.8,65,Girls,"Close to BDA Complex"
18,"Maple Leaf PG",Jayanagar,9000,"WiFi, AC, Food",9876543227,4.6,120,Boys,"Near Jayanagar Shopping Complex"
19,"Palm Grove PG","Richmond Town",9500,"WiFi, AC, Laundry",9876543228,4.7,130,Co-living,"Proximity to UB City"
20,"Cedar PG","Frazer Town",8000,"WiFi, Food",9876543229,4.2,80,Girls,"Near Coles Park"
21,"Pinewood PG",Malleswaram,8500,"WiFi, AC, Food",9876543230,4.4,110,Boys,"Close to Mantri Mall"
22,"Amber PG",Rajajinagar,7800,"WiFi, Laundry",9876543231,4,75,Co-living,"Near Orion Mall"
23,"Coral PG",Ulsoor,8200,"WiFi, AC, Food",9876543232,4.3,90,Girls,"Overlooking Ulsoor Lake"
24,"Sapphire PG",Domlur,8800,"WiFi, AC, Laundry",9876543233,4.5,100,Boys,"Near EGL Business Park"
25,"Ruby PG","MG Road",9500,"WiFi, AC, Food",9876543234,4.7,140,Co-living,"Adjacent to Brigade Road"
26,"Emerald PG",Vijayanagar,7200,"WiFi, Laundry",9876543235,3.9,85,Girls,"Close to Vijayanagar Metro Station"
27,"Topaz PG",Basavanagudi,8000,"WiFi, AC, Food",9876543236,4.2,90,Boys,"Near Bull Temple"
28,"Opal PG","RT Nagar",7500,"WiFi, Food",9876543237,4,80,Co-living,"Proximity to RT Nagar Park"
29,"Quartz PG",Nagawara,7800,"WiFi, Laundry",9876543238,4.1,85,Girls,"Near Manyata Tech Park"
30,"Garnet PG",Kengeri,7000,"WiFi, AC, Food",9876543239,3.8,70,Boys,"Close to Kengeri Metro Station"
31,"Skyline PG",Koramangala,9200,"WiFi, AC, Food, Gym",9876543240,4.6,130,Boys,"Near Sony Signal"
32,"Nest Stay",Whitefield,7800,"WiFi, Laundry, Food",9876543241,4.3,100,Girls,"Near SAP Labs"
33,"Blue Haven",Marathahalli,8600,"WiFi, AC, Food, Laundry",9876543242,4.7,140,Co-living,"Near Marathahalli Bridge"
34,"Urban Oasis","Electronic City",7200,"WiFi, Gym",9876543243,4,85,Boys,"Near Infosys Campus"
35,"Silver Residency",Indiranagar,9900,"WiFi, AC, Food, Laundry",9876543244,4.8,160,Co-living,"Near 12th Main Road"
36,"Cozy Corner","HSR Layout",8800,"WiFi, Food, Laundry",9876543245,4.5,120,Girls,"Near BDA Complex"
37,"Tranquil PG",Bellandur,7700,"WiFi, AC, Gym",9876543246,4.1,95,Boys,"Near Bellandur Flyover"
38,"Elite Stays","JP Nagar",7300,"WiFi, Food",9876543247,4,80,Co-living,"Near JP Nagar Metro"
39,"Metro Living","BTM Layout",8900,"WiFi, AC, Laundry",9876543248,4.6,130,Girls,"Near Jayadeva Hospital"
40,"The Comfort Zone",Yeshwanthpur,7100,"WiFi, Gym, Food",9876543249,3.9,75,Boys,"Near Railway Station"
41,"Lakeview PG",Hebbal,8500,"WiFi, AC, Food",9876543250,4.4,110,Co-living,"Overlooking Hebbal Lake"
42,"Sunrise Residency",Jayanagar,9400,"WiFi, AC, Gym, Laundry",9876543251,4.7,150,Girls,"Near Jayanagar 4th Block"
43,"Maple Stays","Richmond Town",9600,"WiFi, Food, Laundry",9876543252,4.5,120,Boys,"Close to UB City"
44,"Palm Haven","Frazer Town",8400,"WiFi, AC, Gym",9876543253,4.3,100,Co-living,"Near Coles Park"
45,"Cedar Residency",Malleswaram,8700,"WiFi, Laundry, Food",9876543254,4.2,95,Girls,"Near Mantri Square Mall"
46,"Pinewood Stay",Rajajinagar,8900,"WiFi, AC, Gym, Food",9876543255,4.6,130,Boys,"Close to Orion Mall"
47,"Amber Nest",Ulsoor,7600,"WiFi, Food, Laundry",9876543256,4,85,Co-living,"Near Ulsoor Lake"
48,"Coral Stays",Domlur,8200,"WiFi, AC, Gym",9876543257,4.4,100,Girls,"Close to EGL Tech Park"
49,"Sapphire PG","MG Road",9700,"WiFi, AC, Food, Gym",9876543258,4.8,160,Boys,"Adjacent to Brigade Road"
50,"Ruby Residency",Vijayanagar,7400,"WiFi, Laundry, Food",9876543259,4.1,90,Co-living,"Near Metro Station"
51,"Emerald Stay",Basavanagudi,8500,"WiFi, AC, Gym",9876543260,4.2,100,Girls,"Near Bull Temple"
52,"Topaz Living","RT Nagar",7800,"WiFi, Food, Laundry",9876543261,3.9,75,Boys,"Near RT Nagar Park"
53,"Opal PG",Nagawara,8100,"WiFi, AC, Food",9876543262,4.3,95,Co-living,"Close to Manyata Tech Park"
54,"Quartz Residency",Kengeri,6900,"WiFi, Gym, Food",9876543263,3.8,70,Girls,"Near Kengeri Metro Station"
55,"Garnet Stay","Sarjapur Road",9300,"WiFi, AC, Food, Laundry",9876543264,4.5,120,Boys,"Near Wipro HQ"
56,"Diamond PG",Banashankari,7200,"WiFi, Laundry, Gym",9876543265,4,85,Co-living,"Near BDA Complex"
57,"Pearl Residency","Kalyan Nagar",7700,"WiFi, Food, Laundry",9876543266,4.1,90,Girls,"Near Elements Mall"
58,"Moonlight Stay",Bommanahalli,8200,"WiFi, AC, Gym",9876543267,4.3,100,Boys,"Close to Silk Board"
59,"Galaxy PG","HBR Layout",8900,"WiFi, AC, Food, Laundry",9876543268,4.7,140,Co-living,"Near Manyata Tech Park"
60,"Horizon PG","HSR Layout",9400,"WiFi, AC, Food, Gym",9876543269,4.7,140,Co-living,"Near Agara Lake"
61,"Evergreen Stays",Koramangala,8100,"WiFi, Food, Laundry",9876543270,4.3,120,Girls,"Opposite Nexus Mall"
62,"City Comforts",Whitefield,7800,"WiFi, Laundry, Gym",9876543271,4.2,110,Boys,"Near ITPL Road"
63,"Zen Nest",Marathahalli,8500,"WiFi, AC, Food, Laundry",9876543272,4.5,130,Co-living,"Near Kalamandir"
64,"Elite Comfort","Electronic City",7300,"WiFi, Gym, Food",9876543273,4.1,90,Girls,"Near Infosys Office"
65,"Sky Tower PG",Indiranagar,9600,"WiFi, AC, Laundry",9876543274,4.6,150,Boys,"Next to 100ft Road"
66,"Orchid PG","JP Nagar",7800,"WiFi, Food, Gym",9876543275,4.2,100,Co-living,"Near Central Mall"
67,"Sunbeam Stays","BTM Layout",8900,"WiFi, AC, Food, Laundry",9876543276,4.7,160,Girls,"Near Tavarekere Park"
68,"Luxe Living",Yeshwanthpur,7400,"WiFi, Gym, Laundry",9876543277,4,95,Boys,"Near Railway Station"
69,"BlueSky PG",Hebbal,8700,"WiFi, AC, Food, Laundry",9876543278,4.4,115,Co-living,"Near Manyata Tech Park"
70,"Serene Stays",Jayanagar,9300,"WiFi, AC, Food",9876543279,4.5,140,Girls,"Near Jayanagar Complex"
71,"The Haven PG","Richmond Town",9100,"WiFi, Gym, Food, Laundry",9876543280,4.6,135,Boys,"Close to UB City"
72,"Palm View PG","Frazer Town",8900,"WiFi, AC, Gym",9876543281,4.3,120,Co-living,"Near Mosque Road"
73,"Cedar Homes",Malleswaram,8600,"WiFi, Laundry, Food",9876543282,4.2,110,Girls,"Close to Mantri Square"
74,"Pine Retreat",Rajajinagar,9100,"WiFi, AC, Food, Gym",9876543283,4.5,125,Boys,"Near Orion Mall"
75,"Amber View PG",Ulsoor,7500,"WiFi, Food, Laundry",9876543284,4,85,Co-living,"Overlooking Ulsoor Lake"
76,"Coral Residency",Domlur,8000,"WiFi, AC, Gym",9876543285,4.4,105,Girls,"Close to EGL Tech Park"
77,"Pearl Stays","MG Road",9700,"WiFi, AC, Food, Gym",9876543286,4.8,160,Boys,"Adjacent to Brigade Road"
78,"Emerald Comfort",Vijayanagar,7200,"WiFi, Laundry, Food",9876543287,4.1,90,Co-living,"Close to Metro Station"
79,"Topaz Living",Basavanagudi,8500,"WiFi, AC, Gym",9876543288,4.2,100,Girls,"Near Bull Temple"
80,"Diamond PG","RT Nagar",7900,"WiFi, Food, Laundry",9876543289,3.9,80,Boys,"Near RT Nagar Park"
81,"Sapphire Stay",Nagawara,8200,"WiFi, AC, Food",9876543290,4.3,95,Co-living,"Close to Manyata Tech Park"
82,"Tranquil Nest",Kengeri,6900,"WiFi, Gym, Food",9876543291,3.8,75,Girls,"Near Kengeri Metro Station"
83,"Garnet Residency","Sarjapur Road",9500,"WiFi, AC, Food, Laundry",9876543292,4.5,120,Boys,"Near Wipro HQ"
84,"Opal Comforts",Banashankari,7400,"WiFi, Laundry, Gym",9876543293,4,85,Co-living,"Near BDA Complex"
85,"Moonstone PG","Kalyan Nagar",7800,"WiFi, Food, Laundry",9876543294,4.1,90,Girls,"Near Elements Mall"
86,"Galaxy Comforts",Bommanahalli,8300,"WiFi, AC, Gym",9876543295,4.3,100,Boys,"Close to Silk Board"
87,"Silver Leaf PG","HBR Layout",9100,"WiFi, AC, Food, Laundry",9876543296,4.7,145,Co-living,"Near Manyata Tech Park"
88,"Royal Stay","Wilson Garden",8500,"WiFi, AC, Gym, Food",9876543297,4.4,130,Girls,"Close to NIMHANS Hospital"
89,"Emerald Haven",Koramangala,9800,"WiFi, AC, Food, Gym, Laundry",9876543301,4.8,165,Co-living,"Near Sony Signal"
90,"Sunrise Residency",Whitefield,7700,"WiFi, Food, Laundry",9876543302,4.2,100,Girls,"Close to Phoenix Marketcity"
91,"Metro Comfort PG",Marathahalli,8300,"WiFi, AC, Food",9876543303,4.5,120,Boys,"Near More Supermarket"
92,"Cloud9 Stay","Electronic City",6900,"WiFi, Gym",9876543304,3.9,80,Co-living,"Near Infosys Campus"
93,"Orchid Suites",Indiranagar,9200,"WiFi, AC, Food, Laundry",9876543305,4.6,140,Girls,"Near 12th Main Road"
94,"Green Leaf PG","JP Nagar",7500,"WiFi, Food",9876543306,4.1,90,Boys,"Close to Mini Forest Park"
95,"Lakeview Residency","BTM Layout",8600,"WiFi, AC, Food, Gym",9876543307,4.4,115,Co-living,"Near Silk Board"
96,"Skyline Stay",Yeshwanthpur,7300,"WiFi, Laundry",9876543308,4,85,Girls,"Close to Yeshwanthpur Metro"
97,"Oakwood PG",Hebbal,9100,"WiFi, AC, Food, Laundry",9876543309,4.5,130,Boys,"Near Manyata Tech Park"
98,"Elite Residency",Jayanagar,9700,"WiFi, AC, Gym, Food",9876543310,4.7,160,Co-living,"Opposite Jayanagar Shopping Complex"
99,"Tranquil Nest","Richmond Town",8800,"WiFi, AC, Food, Laundry",9876543311,4.6,145,Girls,"Close to UB City"
100,"City Heights PG","Frazer Town",9000,"WiFi, Gym, Food",9876543312,4.3,125,Boys,"Near Coles Park"
101,"Comfort Stay",Malleswaram,7900,"WiFi, Laundry",9876543313,4.2,100,Co-living,"Close to Mantri Mall"
102,"Platinum Stays",Rajajinagar,8500,"WiFi, AC, Food",9876543314,4.4,110,Girls,"Near Orion Mall"
103,"Diamond PG",Ulsoor,8100,"WiFi, Food, Gym",9876543315,4.2,95,Boys,"Overlooking Ulsoor Lake"
104,"Pearl Comforts",Domlur,9300,"WiFi, AC, Food, Laundry",9876543316,4.5,135,Co-living,"Close to EGL Business Park"
105,"Garnet Residency","MG Road",9600,"WiFi, AC, Gym, Food",9876543317,4.7,155,Girls,"Adjacent to Brigade Road"
106,"Ruby Stays",Vijayanagar,7000,"WiFi, Laundry",9876543318,3.9,85,Boys,"Close to Vijayanagar Metro"
107,"Topaz PG",Basavanagudi,8200,"WiFi, AC, Food",9876543319,4.3,100,Co-living,"Near Bull Temple"
108,"Opal Residency","RT Nagar",7700,"WiFi, Gym, Food",9876543320,4.1,90,Girls,"Close to RT Nagar Park"
109,"Sapphire Nest",Nagawara,8400,"WiFi, AC, Laundry",9876543321,4.3,110,Boys,"Near Manyata Tech Park"
110,"Platinum PG",Kengeri,6800,"WiFi, Food",9876543322,3.8,75,Co-living,"Close to Kengeri Metro"
111,"Lakeshore Living","Sarjapur Road",9400,"WiFi, AC, Food, Gym",9876543323,4.6,145,Girls,"Near Wipro HQ"
112,"Silver Nest",Banashankari,7200,"WiFi, Laundry",9876543324,4,85,Boys,"Near BDA Complex"
113,"Galaxy Comforts","Kalyan Nagar",8000,"WiFi, AC, Food",9876543325,4.2,100,Co-living,"Near Elements Mall"
114,"Everest PG",Bommanahalli,8600,"WiFi, Gym, Food, Laundry",9876543326,4.4,120,Girls,"Close to Silk Board"
115,"Moonstone Residency","HBR Layout",9100,"WiFi, AC, Food, Gym",9876543327,4.7,150,Boys,"Near Manyata Tech Park"
116,"Opulent Stay","Wilson Garden",8700,"WiFi, AC, Laundry",9876543328,4.5,130,Co-living,"Close to NIMHANS Hospital"
117,"Urban Nest",Kaggadasapura,8300,"WiFi, Food, Laundry",9876543329,4.3,110,Girls,"Close to Bagmane Tech Park"
118,"The Haven PG",Hoodi,7800,"WiFi, AC, Gym",9876543330,4.2,105,Boys,"Near Hoodi Circle"
119,"Skyline Comfort PG",Majestic,7800,"WiFi, AC, Food, Laundry",9876543401,4.2,95,Co-living,"Near Majestic Bus Stand"
120,"Golden Nest PG",Madiwala,8000,"WiFi, Food, Gym",9876543402,4.3,100,Boys,"Near Ayyappa Temple"
121,"Crystal Residency",Nagavara,9200,"WiFi, AC, Food",9876543403,4.6,120,Girls,"Close to Manyata Tech Park"
122,"Royal Heights PG","KR Puram",7500,"WiFi, Gym, Laundry",9876543404,4.1,85,Co-living,"Near KR Puram Railway Station"
123,"Tranquil Homes",Bellandur,8700,"WiFi, AC, Food, Gym",9876543405,4.5,130,Boys,"Adjacent to Ecospace Tech Park"
124,"Silver Oak PG","HSR Layout",9400,"WiFi, AC, Food, Laundry",9876543406,4.7,150,Girls,"Near BDA Complex"
125,"The Haven Stay",Bommanahalli,8100,"WiFi, Food",9876543407,4.2,110,Co-living,"Close to Silk Board"
126,"Sapphire Residency",Banaswadi,7600,"WiFi, AC, Gym, Laundry",9876543408,4,90,Boys,"Near Banaswadi Railway Station"
127,"Comfort Zone PG","Electronic City",7200,"WiFi, Food, Gym",9876543409,4.1,85,Girls,"Close to Infosys Campus"
128,"Horizon PG","RT Nagar",8500,"WiFi, AC, Food, Laundry",9876543410,4.4,120,Co-living,"Near RT Nagar Main Road"
129,"Maple Residency",Indiranagar,9700,"WiFi, AC, Gym, Food",9876543411,4.8,160,Boys,"Close to 100 Feet Road"
130,"Everest Living",Koramangala,8900,"WiFi, Food, Laundry",9876543412,4.6,140,Girls,"Near Jyoti Nivas College"
131,"Oasis Comforts",Vijayanagar,7200,"WiFi, Gym, Food",9876543413,3.9,95,Co-living,"Close to Vijayanagar Metro"
132,"Serene Stay PG",Jayanagar,9100,"WiFi, AC, Food, Laundry",9876543414,4.5,135,Boys,"Near Jayanagar 4th Block"
133,"Amber PG","BTM Layout",8600,"WiFi, Food, Gym",9876543415,4.3,115,Girls,"Near Vega City Mall"
134,"Platinum Comfort",Domlur,8800,"WiFi, AC, Food, Laundry",9876543416,4.7,140,Co-living,"Close to EGL Business Park"
135,"Elite Comfort PG","Sarjapur Road",9500,"WiFi, AC, Food",9876543417,4.7,150,Boys,"Near Wipro HQ"
136,"Palm Grove PG","MG Road",9200,"WiFi, AC, Gym, Food",9876543418,4.6,135,Girls,"Close to Garuda Mall"
137,"Ruby Residency",Yeshwanthpur,7400,"WiFi, Laundry",9876543419,4,90,Co-living,"Close to Yeshwanthpur Metro"
138,"Jade Living",Hebbal,9300,"WiFi, AC, Food, Laundry",9876543420,4.5,125,Boys,"Near Manyata Tech Park"
139,"Diamond Residency","Frazer Town",8900,"WiFi, Gym, Food",9876543421,4.4,130,Girls,"Near Coles Park"
140,"Garnet Heights","Kalyan Nagar",8700,"WiFi, AC, Food, Laundry",9876543422,4.5,120,Co-living,"Near Elements Mall"
141,"Opal Nest",Rajajinagar,7600,"WiFi, Laundry",9876543423,4,85,Boys,"Near Orion Mall"
142,"Emerald Residency",Basavanagudi,8300,"WiFi, AC, Gym",9876543424,4.2,95,Girls,"Close to Bull Temple"
143,"Sunrise Homes","Richmond Town",9600,"WiFi, AC, Food, Laundry",9876543425,4.7,140,Co-living,"Near UB City"
144,"Cityscape PG",Nagawara,7900,"WiFi, Food, Gym",9876543426,4.1,100,Boys,"Near Manyata Tech Park"
145,"Prestige PG",Banashankari,7000,"WiFi, Laundry",9876543427,3.9,80,Girls,"Near BDA Complex"
146,"Zenith Stay","Wilson Garden",8500,"WiFi, AC, Food",9876543428,4.3,110,Co-living,"Close to NIMHANS Hospital"
147,"Urban Retreat","HBR Layout",8700,"WiFi, Gym, Food",9876543429,4.5,130,Boys,"Close to Manyata Tech Park"
148,"Sapphire Heights",Kengeri,6800,"WiFi, AC, Laundry",9876543430,3.8,75,Co-living,"Close to Kengeri Metro"
149,"Sunbeam PG",Malleshwaram,8900,"WiFi, AC, Food, Gym",9876543501,4.6,125,Boys,"Near Mantri Square Mall"
150,"Cozy Stay PG",Banashankari,7200,"WiFi, Food, Laundry",9876543502,4.1,80,Girls,"Near PES University"
151,"Elite Living","BTM Layout",9500,"WiFi, AC, Food",9876543503,4.8,140,Co-living,"Near Vega City Mall"
152,"Tranquil PG",Hebbal,8100,"WiFi, Gym, Food",9876543504,4.3,110,Boys,"Close to Hebbal Lake"
153,"Lakeview Residency",Bellandur,9200,"WiFi, AC, Food, Laundry",9876543505,4.7,145,Girls,"Near EcoSpace Tech Park"
154,"Serene Stay",Koramangala,8700,"WiFi, Laundry, Gym",9876543506,4.5,130,Co-living,"Adjacent to Forum Mall"
155,"Silver Nest PG",Indiranagar,9900,"WiFi, AC, Food, Gym",9876543507,4.9,160,Boys,"Near CMH Road Metro"
156,"Prestige Living",Whitefield,7800,"WiFi, Food, Laundry",9876543508,4.2,95,Girls,"Near ITPL Tech Park"
157,"Harbor PG",Marathahalli,8600,"WiFi, AC, Food",9876543509,4.4,120,Co-living,"Near Innovative Multiplex"
158,"Azure PG",Jayanagar,9200,"WiFi, AC, Gym, Food",9876543510,4.6,135,Boys,"Close to Jayanagar Metro Station"
159,"Amber Residency","Richmond Town",9800,"WiFi, AC, Laundry",9876543511,4.7,150,Girls,"Near UB City"
160,"Urban Oasis","Electronic City",7100,"WiFi, Food, Laundry",9876543512,4,85,Co-living,"Close to Infosys Campus"
161,"Maple Heights","HSR Layout",8700,"WiFi, AC, Food",9876543513,4.5,125,Boys,"Near Agara Lake"
162,"Emerald Residency",Yeshwanthpur,7400,"WiFi, Laundry, Gym",9876543514,4.1,95,Girls,"Near Yeshwanthpur Metro"
163,"Pearl PG","Sarjapur Road",8900,"WiFi, AC, Food",9876543515,4.6,140,Co-living,"Near Wipro HQ"
164,"Ruby Comforts","JP Nagar",7600,"WiFi, Food, Laundry",9876543516,4.2,90,Boys,"Close to RV Dental College"
165,"Zircon PG","KR Puram",7200,"WiFi, Gym, Laundry",9876543517,4,85,Girls,"Near KR Puram Railway Station"
166,"Garnet Heights",Domlur,9100,"WiFi, AC, Gym, Food",9876543518,4.5,130,Co-living,"Near EGL Business Park"
167,"Quartz Stay","RT Nagar",8300,"WiFi, Food, Laundry",9876543519,4.3,100,Boys,"Close to RT Nagar Main Road"
168,"Zenith Homes",Nagawara,8700,"WiFi, AC, Gym, Food",9876543520,4.5,130,Girls,"Near Manyata Tech Park"
169,"Sapphire Comfort",Basavanagudi,8000,"WiFi, Food, Laundry",9876543521,4.1,90,Co-living,"Near Bull Temple"
170,"Opal Residency","Wilson Garden",8600,"WiFi, AC, Gym, Food",9876543522,4.4,115,Boys,"Close to NIMHANS Hospital"
171,"Topaz Living",Banashankari,7700,"WiFi, Food, Gym",9876543523,4.2,100,Girls,"Close to BDA Complex"
172,"Crystal Haven",Malleswaram,9300,"WiFi, AC, Food",9876543524,4.6,130,Co-living,"Near Mantri Mall"
173,"Royal Stay",Kengeri,7000,"WiFi, Laundry, Gym",9876543525,3.9,85,Boys,"Close to Kengeri Metro Station"
174,"Skyline PG","BTM Layout",8700,"WiFi, AC, Food, Laundry",9876543526,4.5,125,Girls,"Near BTM Lake"
175,"Urban Living","Frazer Town",9100,"WiFi, AC, Gym, Food",9876543527,4.7,140,Co-living,"Close to Coles Park"
176,"Diamond Heights",Rajajinagar,8500,"WiFi, Food, Laundry",9876543528,4.3,110,Boys,"Near Orion Mall"
177,"Amber Grove","HBR Layout",8000,"WiFi, AC, Food",9876543529,4.2,95,Girls,"Near Manyata Tech Park"
178,"Palm Residency","MG Road",9800,"WiFi, AC, Gym, Food",9876543530,4.8,150,Co-living,"Near Brigade Road"
179,"Sunrise Comfort PG",Banaswadi,8900,"WiFi, AC, Food, Gym",9876543601,4.6,125,Boys,"Near Orion East Mall"
180,"Horizon PG",Majestic,7500,"WiFi, Food, Laundry",9876543602,4.1,80,Girls,"Near Majestic Bus Stand"
181,"Urban Nest",Banashankari,9200,"WiFi, AC, Food",9876543603,4.8,140,Co-living,"Near BDA Complex"
182,"Elite Comfort",Hebbal,8000,"WiFi, Gym, Food",9876543604,4.3,110,Boys,"Close to Manyata Tech Park"
183,"Palm Grove",Bellandur,9100,"WiFi, AC, Food, Laundry",9876543605,4.7,145,Girls,"Near EcoSpace Tech Park"
184,"Silver Stay",Koramangala,8700,"WiFi, Laundry, Gym",9876543606,4.5,130,Co-living,"Adjacent to Forum Mall"
185,"Diamond PG",Indiranagar,9800,"WiFi, AC, Food, Gym",9876543607,4.9,160,Boys,"Near CMH Road Metro"
186,"Prestige Living",Whitefield,7900,"WiFi, Food, Laundry",9876543608,4.2,95,Girls,"Near ITPL Tech Park"
187,"Harbor Heights",Marathahalli,8800,"WiFi, AC, Food",9876543609,4.4,120,Co-living,"Near Innovative Multiplex"
188,"Royal Residency",Jayanagar,9300,"WiFi, AC, Gym, Food",9876543610,4.6,135,Boys,"Close to Jayanagar Metro Station"
189,"Pearl Stay","Richmond Town",9700,"WiFi, AC, Laundry",9876543611,4.7,150,Girls,"Near UB City"
190,"Urban Bliss","Electronic City",7100,"WiFi, Food, Laundry",9876543612,4,85,Co-living,"Close to Infosys Campus"
191,"Maple Stay","HSR Layout",8600,"WiFi, AC, Food",9876543613,4.5,125,Boys,"Near Agara Lake"
192,"Emerald PG",Yeshwanthpur,7500,"WiFi, Laundry, Gym",9876543614,4.1,95,Girls,"Near Yeshwanthpur Metro"
193,"Pearl Residency","Sarjapur Road",9000,"WiFi, AC, Food",9876543615,4.6,140,Co-living,"Near Wipro HQ"
194,"Ruby Nest","JP Nagar",7600,"WiFi, Food, Laundry",9876543616,4.2,90,Boys,"Close to RV Dental College"
195,"Azure Comfort","KR Puram",7200,"WiFi, Gym, Laundry",9876543617,4,85,Girls,"Near KR Puram Railway Station"
196,"Garnet Haven",Domlur,9200,"WiFi, AC, Gym, Food",9876543618,4.5,130,Co-living,"Near EGL Business Park"
197,"Crystal PG","RT Nagar",8500,"WiFi, Food, Laundry",9876543619,4.3,100,Boys,"Close to RT Nagar Main Road"
198,"Zenith Stay",Nagawara,8900,"WiFi, AC, Gym, Food",9876543620,4.5,130,Girls,"Near Manyata Tech Park"
199,"Sapphire PG",Basavanagudi,8100,"WiFi, Food, Laundry",9876543621,4.1,90,Co-living,"Near Bull Temple"
200,"Opal Nest","Wilson Garden",8700,"WiFi, AC, Gym, Food",9876543622,4.4,115,Boys,"Close to NIMHANS Hospital"
201,"Amber Living",Banashankari,7700,"WiFi, Food, Gym",9876543623,4.2,100,Girls,"Close to BDA Complex"
202,"Crystal Haven",Malleswaram,9400,"WiFi, AC, Food",9876543624,4.6,130,Co-living,"Near Mantri Mall"
203,"Royal Heights",Kengeri,7200,"WiFi, Laundry, Gym",9876543625,3.9,85,Boys,"Close to Kengeri Metro Station"
204,"Skyline Residency","BTM Layout",8800,"WiFi, AC, Food, Laundry",9876543626,4.5,125,Girls,"Near BTM Lake"
205,"Urban Living","Frazer Town",9200,"WiFi, AC, Gym, Food",9876543627,4.7,140,Co-living,"Close to Coles Park"
206,"Diamond Bliss",Rajajinagar,8600,"WiFi, Food, Laundry",9876543628,4.3,110,Boys,"Near Orion Mall"
207,"Amber Grove","HBR Layout",8100,"WiFi, AC, Food",9876543629,4.2,95,Girls,"Near Manyata Tech Park"
208,"Palm Residency","MG Road",9900,"WiFi, AC, Gym, Food",9876543630,4.8,150,Co-living,"Near Brigade Road"
209,"Skyline PG",Jayanagar,9100,"WiFi, AC, Food, Gym",9876543701,4.6,120,Boys,"Near Jayanagar Metro"
210,"Horizon Stay","BTM Layout",8600,"WiFi, AC, Laundry, Food",9876543702,4.5,110,Girls,"Close to BTM Lake"
211,"Cosmos PG",Indiranagar,9700,"WiFi, Gym, Food, Laundry",9876543703,4.8,150,Co-living,"Near CMH Road Metro"
212,"Elite Hub",Hebbal,8300,"WiFi, AC, Food",9876543704,4.3,100,Boys,"Near Manyata Tech Park"
213,"Sunrise Residency","KR Puram",7500,"WiFi, Laundry, Gym",9876543705,4.1,90,Girls,"Close to KR Puram Railway Station"
214,"Azure Comfort","Electronic City",7200,"WiFi, Food",9876543706,4,85,Co-living,"Near Infosys Campus"
215,"Amber Heights",Koramangala,8900,"WiFi, AC, Gym, Food",9876543707,4.7,135,Boys,"Adjacent to Forum Mall"
216,"Royal Haven","Sarjapur Road",9100,"WiFi, AC, Food, Laundry",9876543708,4.6,140,Girls,"Near Wipro HQ"
217,"Pearl Residency","JP Nagar",7800,"WiFi, Laundry",9876543709,4.2,95,Co-living,"Close to RV Dental College"
218,"Crystal PG",Yeshwanthpur,7700,"WiFi, Food",9876543710,4.1,85,Boys,"Near Yeshwanthpur Metro"
219,"Diamond Living",Marathahalli,9200,"WiFi, AC, Gym, Food",9876543711,4.7,130,Girls,"Near Innovative Multiplex"
220,"Emerald Stay",Banashankari,7500,"WiFi, Laundry, Gym",9876543712,4,80,Co-living,"Close to BDA Complex"
221,"Opal Nest","HSR Layout",8700,"WiFi, AC, Food",9876543713,4.4,120,Boys,"Near Agara Lake"
222,"Urban Haven",Majestic,7300,"WiFi, Laundry",9876543714,3.9,75,Girls,"Near Majestic Bus Stand"
223,"Palm Residency",Domlur,9500,"WiFi, AC, Gym, Food",9876543715,4.8,150,Co-living,"Close to EGL Business Park"
224,"Garnet PG",Nagawara,8700,"WiFi, Food, Laundry",9876543716,4.3,110,Boys,"Near Manyata Tech Park"
225,"Sapphire Heights","RT Nagar",8100,"WiFi, AC, Gym",9876543717,4.2,90,Girls,"Near RT Nagar Park"
226,"Zenith Living","Frazer Town",9400,"WiFi, AC, Food, Laundry",9876543718,4.6,135,Co-living,"Close to Coles Park"
227,"Amber Grove",Whitefield,8000,"WiFi, Laundry, Food",9876543719,4.2,100,Boys,"Near ITPL Tech Park"
228,"Maple Stay","Richmond Town",9600,"WiFi, AC, Gym, Food",9876543720,4.7,140,Girls,"Near UB City"
229,"Tranquil Nest",Bellandur,8800,"WiFi, Food, Laundry",9876543721,4.5,130,Co-living,"Near EcoSpace Tech Park"
230,"Lakeview PG","Wilson Garden",8600,"WiFi, AC, Food",9876543722,4.4,115,Boys,"Close to NIMHANS Hospital"
231,"Harbor Residency",Basavanagudi,9200,"WiFi, AC, Gym",9876543723,4.6,130,Girls,"Close to Bull Temple"
232,"Elite Stay",Rajajinagar,8500,"WiFi, Food, Laundry",9876543724,4.3,110,Co-living,"Near Orion Mall"
233,"Royal Comfort",Kengeri,7300,"WiFi, AC, Food",9876543725,3.9,85,Boys,"Close to Kengeri Metro Station"
234,"Sunset Residency","MG Road",9900,"WiFi, AC, Gym, Food",9876543726,4.8,150,Girls,"Near Brigade Road"
235,"Pearl Grove","HBR Layout",8100,"WiFi, Food, Laundry",9876543727,4.2,100,Co-living,"Near Manyata Tech Park"
236,"Ruby Haven",Vijayanagar,7900,"WiFi, AC, Food",9876543728,4.2,95,Boys,"Close to Vijayanagar Metro"
237,"Diamond Bliss",Ulsoor,9300,"WiFi, AC, Gym, Food",9876543729,4.7,135,Girls,"Overlooking Ulsoor Lake"
238,"Palm Heights",Nagavara,8600,"WiFi, Food, Laundry",9876543730,4.4,120,Co-living,"Near Manyata Tech Park"
239,"Golden Nest PG","KR Puram",7600,"WiFi, Laundry, Gym",9876543741,4.1,95,Boys,"Near KR Puram Railway Station"
240,"Blue Orchid PG","HSR Layout",8900,"WiFi, AC, Food",9876543742,4.5,120,Girls,"Close to Agara Lake"
241,"Skyview PG",Hebbal,8500,"WiFi, AC, Laundry",9876543743,4.4,105,Co-living,"Near Manyata Tech Park"
242,"Serenity Stay",Indiranagar,9400,"WiFi, Food, Gym",9876543744,4.7,130,Boys,"Near CMH Road Metro"
243,"Royal Blue PG","Electronic City",7000,"WiFi, Laundry",9876543745,4,85,Girls,"Close to Infosys Campus"
244,"Lavender Homes","JP Nagar",7800,"WiFi, AC, Food",9876543746,4.3,100,Co-living,"Near RV Dental College"
245,"Emerald Nest",Marathahalli,9200,"WiFi, AC, Gym, Food",9876543747,4.6,135,Boys,"Near Innovative Multiplex"
246,"Palm Residency","Sarjapur Road",9100,"WiFi, AC, Food, Laundry",9876543748,4.5,140,Girls,"Adjacent to Wipro HQ"
247,"Topaz Stay",Majestic,7500,"WiFi, Laundry",9876543749,4.1,90,Co-living,"Near Majestic Bus Stand"
248,"Tranquil Heights",Bellandur,8700,"WiFi, Food, Laundry",9876543750,4.4,120,Boys,"Close to EcoSpace Tech Park"
249,"Elite Hub",Jayanagar,9300,"WiFi, AC, Gym, Food",9876543751,4.7,130,Girls,"Near Jayanagar Metro"
250,"Urban Oasis",Whitefield,8100,"WiFi, Laundry, Food",9876543752,4.3,110,Co-living,"Near ITPL Tech Park"
251,"Lakeview Comfort","Richmond Town",9600,"WiFi, AC, Gym, Food",9876543753,4.8,140,Boys,"Near UB City"
252,"Cedar Residency",Domlur,9200,"WiFi, AC, Food, Laundry",9876543754,4.6,135,Girls,"Close to EGL Business Park"
253,"Sunset PG","MG Road",9800,"WiFi, AC, Gym, Food",9876543755,4.8,150,Co-living,"Near Brigade Road"
254,"Sapphire Nest",Kengeri,7200,"WiFi, Laundry",9876543756,4,85,Boys,"Close to Kengeri Metro Station"
255,"Pearl Haven",Rajajinagar,8900,"WiFi, AC, Food",9876543757,4.5,120,Girls,"Close to Orion Mall"
256,"Opal Stay","Frazer Town",8800,"WiFi, Food, Laundry",9876543758,4.4,115,Co-living,"Near Coles Park"
257,"Crystal Heights","BTM Layout",8400,"WiFi, AC, Gym",9876543759,4.2,100,Boys,"Near BTM Lake"
258,"Ruby Comfort",Basavanagudi,9100,"WiFi, AC, Food",9876543760,4.6,125,Girls,"Close to Bull Temple"
259,"Amber Stay",Nagawara,8500,"WiFi, Food, Laundry",9876543761,4.3,110,Co-living,"Near Manyata Tech Park"
260,"Diamond Nest","Wilson Garden",8700,"WiFi, AC, Gym",9876543762,4.5,130,Boys,"Close to NIMHANS Hospital"
261,"Moonlight PG",Vijayanagar,7700,"WiFi, Food, Laundry",9876543763,4.1,90,Girls,"Close to Vijayanagar Metro"
262,"Sunshine Residency",Ulsoor,9300,"WiFi, AC, Gym, Food",9876543764,4.7,135,Co-living,"Overlooking Ulsoor Lake"
263,"Horizon Homes","RT Nagar",8500,"WiFi, AC, Food",9876543765,4.4,115,Boys,"Close to RT Nagar Park"
264,"Harbor Comfort",Hebbal,8800,"WiFi, Gym, Food",9876543766,4.6,130,Girls,"Near Manyata Tech Park"
265,"Serene Haven",Banashankari,7400,"WiFi, Laundry",9876543767,3.9,80,Co-living,"Close to BDA Complex"
266,"Amber Heights","Sarjapur Road",9100,"WiFi, AC, Food, Laundry",9876543768,4.6,140,Boys,"Near Wipro HQ"
267,"Golden Grove",Indiranagar,9700,"WiFi, Gym, Food, Laundry",9876543769,4.8,150,Girls,"Near CMH Road Metro"
268,"Platinum Stay","JP Nagar",7900,"WiFi, Laundry",9876543770,4.2,95,Co-living,"Near RV Dental College"
269,"Ocean View PG","KR Puram",7200,"WiFi, Laundry, Food",9876543781,4.1,85,Boys,"Near KR Puram Railway Station"
270,"Rosewood PG",Indiranagar,9600,"WiFi, AC, Gym",9876543782,4.7,145,Girls,"Close to 100 Feet Road"
271,"Silver Nest",Bellandur,8500,"WiFi, AC, Food, Laundry",9876543783,4.5,110,Co-living,"Near RMZ EcoWorld"
272,"Pearl Comfort",Jayanagar,9100,"WiFi, Food, Laundry",9876543784,4.6,125,Boys,"Near Jayanagar Shopping Complex"
273,"Maple Haven","HSR Layout",9400,"WiFi, AC, Food, Gym",9876543785,4.8,140,Girls,"Close to BDA Complex"
274,"Sunbeam PG","Electronic City",7800,"WiFi, Laundry",9876543786,4.2,95,Co-living,"Near Infosys Campus"
275,"Crystal Stay",Whitefield,8600,"WiFi, AC, Food",9876543787,4.4,105,Boys,"Near ITPL Tech Park"
276,"Opal Residency",Marathahalli,9300,"WiFi, Gym, Laundry",9876543788,4.7,130,Girls,"Near Innovative Multiplex"
277,"Lakefront PG",Hebbal,9100,"WiFi, AC, Food",9876543789,4.5,120,Co-living,"Overlooking Hebbal Lake"
278,"Serene Stay","BTM Layout",8000,"WiFi, Laundry, Food",9876543790,4.3,100,Boys,"Close to BTM Lake"
279,"Amber Comfort","Sarjapur Road",8500,"WiFi, AC, Gym",9876543791,4.6,115,Girls,"Near Wipro HQ"
280,"Golden Sands PG",Ulsoor,8800,"WiFi, AC, Food",9876543792,4.5,125,Co-living,"Overlooking Ulsoor Lake"
281,"Harbor Homes",Majestic,7500,"WiFi, Laundry",9876543793,4.1,90,Boys,"Near Majestic Bus Stand"
282,"Moonlight PG","JP Nagar",8900,"WiFi, AC, Food, Gym",9876543794,4.7,130,Girls,"Near RV Dental College"
283,"Sunset Nest","MG Road",9900,"WiFi, Gym, Food",9876543795,4.9,160,Co-living,"Near Brigade Road"
284,"Metro Comfort",Yeshwanthpur,7200,"WiFi, Laundry",9876543796,4,85,Boys,"Close to Metro Station"
285,"Lavender Heights","Frazer Town",8700,"WiFi, AC, Food",9876543797,4.5,115,Girls,"Near Coles Park"
286,"Emerald Residency",Rajajinagar,9200,"WiFi, Gym, Food",9876543798,4.7,135,Co-living,"Close to Orion Mall"
287,"Palm Grove Stay","RT Nagar",8000,"WiFi, AC, Laundry",9876543799,4.3,105,Boys,"Near RT Nagar Park"
288,"Diamond Residency",Nagawara,8900,"WiFi, AC, Food",9876543800,4.6,125,Girls,"Near Manyata Tech Park"
289,"Coral Haven",Vijayanagar,7700,"WiFi, Laundry",9876543801,4.1,95,Co-living,"Close to Vijayanagar Metro"
290,"Sapphire Comfort",Banashankari,7400,"WiFi, Food, Laundry",9876543802,4,90,Boys,"Close to BDA Complex"
291,"Ruby Homes","Wilson Garden",9300,"WiFi, AC, Gym, Food",9876543803,4.8,140,Girls,"Close to NIMHANS Hospital"
292,"Pinewood PG",Domlur,8800,"WiFi, AC, Laundry",9876543804,4.5,130,Co-living,"Near EGL Business Park"
293,"Golden Horizon",Basavanagudi,9200,"WiFi, AC, Food",9876543805,4.7,135,Boys,"Near Bull Temple"
294,"Tranquil Residency","Richmond Town",9800,"WiFi, Gym, Food",9876543806,4.9,150,Girls,"Near UB City"
295,"Harmony PG",Kengeri,7200,"WiFi, Laundry",9876543807,3.9,85,Co-living,"Close to Kengeri Metro Station"
296,"Evergreen Stay","Sarjapur Road",9100,"WiFi, AC, Food, Gym",9876543808,4.7,140,Boys,"Adjacent to Wipro HQ"
297,"Skyline PG","BTM Layout",8500,"WiFi, AC, Gym",9876543809,4.4,115,Girls,"Close to BTM Lake"
298,"Platinum Heights","JP Nagar",7900,"WiFi, Laundry",9876543810,4.2,100,Co-living,"Near RV Dental College"
299,"Urban Nest PG","KR Puram",7100,"WiFi, AC, Laundry",9876543811,4,80,Co-living,"Near Hanging Bridge"
300,"Sunshine Stay",Bellandur,9200,"WiFi, Gym, Food",9876543812,4.6,130,Girls,"Near Bellandur Lake"
301,"Elite Comfort","Electronic City",8500,"WiFi, AC, Food",9876543813,4.3,100,Boys,"Near Infosys SEZ"
302,"Tranquil Living",Indiranagar,9700,"WiFi, AC, Gym",9876543814,4.8,150,Co-living,"Near 12th Main Road"
303,"City Haven PG",Marathahalli,8800,"WiFi, Food, Laundry",9876543815,4.5,120,Girls,"Near Outer Ring Road"
304,"Parkview Stay","JP Nagar",8900,"WiFi, AC, Gym, Food",9876543816,4.7,140,Boys,"Close to RV Dental College"
305,"Maple Nest PG","HSR Layout",9600,"WiFi, AC, Food, Gym",9876543817,4.9,160,Co-living,"Near Agara Lake"
306,"Blue Haven",Koramangala,9900,"WiFi, AC, Food, Laundry",9876543818,4.8,170,Girls,"Near Forum Mall"
307,"Lakewood PG",Hebbal,7800,"WiFi, Food, Laundry",9876543819,4.2,95,Boys,"Overlooking Hebbal Lake"
308,"Serene Heights","BTM Layout",8500,"WiFi, AC, Gym",9876543820,4.3,110,Co-living,"Close to Jayadeva Hospital"
309,"Palm Residency","Sarjapur Road",9400,"WiFi, AC, Food, Gym",9876543821,4.7,135,Girls,"Near Wipro Corporate Office"
310,"Golden Nest PG",Ulsoor,9100,"WiFi, Gym, Food",9876543822,4.6,125,Boys,"Near Ulsoor Lake"
311,"Metro Stay",Majestic,7500,"WiFi, Laundry, Food",9876543823,4,85,Co-living,"Near Majestic Railway Station"
312,"Sunbeam Living","MG Road",9800,"WiFi, AC, Food",9876543824,4.9,155,Girls,"Close to Trinity Metro Station"
313,"Sapphire Heights",Yeshwanthpur,7700,"WiFi, Laundry",9876543825,4.1,90,Boys,"Near Yeshwanthpur Metro"
314,"Diamond Residency","Frazer Town",8800,"WiFi, AC, Food, Laundry",9876543826,4.5,120,Co-living,"Near Coles Park"
315,"Royal Comfort PG",Rajajinagar,9300,"WiFi, Gym, Food",9876543827,4.7,140,Girls,"Close to Orion Mall"
316,"Emerald Homes","RT Nagar",8600,"WiFi, AC, Laundry, Food",9876543828,4.4,115,Boys,"Near RT Nagar Park"
317,"Ruby Stay",Nagawara,8900,"WiFi, Gym, Food",9876543829,4.6,130,Co-living,"Near Manyata Tech Park"
318,"Platinum PG",Vijayanagar,7300,"WiFi, Laundry, Food",9876543830,4.1,100,Girls,"Close to Vijayanagar Metro"
319,"Topaz Haven",Banashankari,7800,"WiFi, AC, Gym",9876543831,4.2,110,Boys,"Close to BDA Complex"
320,"Golden Horizon PG","Wilson Garden",9000,"WiFi, AC, Food, Laundry",9876543832,4.8,145,Girls,"Near NIMHANS Hospital"
321,"Urban Heights",Domlur,9400,"WiFi, Gym, Food",9876543833,4.7,140,Co-living,"Near EGL Business Park"
322,"Skyview Residency",Basavanagudi,9200,"WiFi, AC, Food, Laundry",9876543834,4.6,135,Boys,"Near Bull Temple"
323,"Tranquil PG","Richmond Town",9700,"WiFi, Gym, Food",9876543835,4.9,155,Girls,"Near UB City"
324,"Elite Stay",Kengeri,7200,"WiFi, Laundry, Food",9876543836,4,85,Co-living,"Close to Kengeri Metro"
325,"Serenity Living","Sarjapur Road",9100,"WiFi, AC, Gym, Food",9876543837,4.7,145,Boys,"Adjacent to Wipro HQ"
326,"Skyline PG","BTM Layout",8700,"WiFi, AC, Food, Laundry",9876543838,4.4,120,Girls,"Close to BTM Lake"
327,"Palm View PG","JP Nagar",7900,"WiFi, Laundry, Food",9876543839,4.2,100,Co-living,"Near RV Dental College"
328,"Pearl Residency","HSR Layout",9300,"WiFi, AC, Food, Gym",9876543840,4.7,140,Co-living,"Near Agara Lake"
329,"City View PG",Hebbal,7800,"WiFi, Food, Laundry",9876543841,4.2,90,Girls,"Close to Manyata Tech Park"
330,"Luxury Nest PG","Electronic City",8600,"WiFi, AC, Gym, Food",9876543842,4.4,120,Boys,"Near Infosys Campus"
331,"Sky High PG",Indiranagar,9700,"WiFi, AC, Laundry",9876543843,4.8,150,Co-living,"Near 100 Feet Road"
332,"Tranquil Retreat",Whitefield,8900,"WiFi, Gym, Food",9876543844,4.6,130,Girls,"Near ITPL Tech Park"
333,"Golden Stay PG",Marathahalli,8500,"WiFi, AC, Food, Laundry",9876543845,4.3,110,Boys,"Near Outer Ring Road"
334,"Sunshine Living","JP Nagar",9100,"WiFi, Gym, Food, Laundry",9876543846,4.7,135,Co-living,"Close to Gopalan Mall"
335,"Urban Comfort PG","BTM Layout",8700,"WiFi, AC, Food",9876543847,4.5,125,Girls,"Near Jayadeva Flyover"
336,"Serene Stays","Sarjapur Road",9500,"WiFi, AC, Gym",9876543848,4.8,155,Boys,"Near Wipro SEZ"
337,"Royal Heights PG",Koramangala,9900,"WiFi, AC, Food, Laundry",9876543849,4.9,175,Co-living,"Close to Forum Mall"
338,"Lakeside PG",Hebbal,7800,"WiFi, Food, Laundry",9876543850,4.2,100,Girls,"Overlooking Hebbal Lake"
339,"Oasis Residency","RT Nagar",8600,"WiFi, AC, Food",9876543851,4.5,110,Boys,"Close to RT Nagar Park"
340,"Sapphire Comfort",Majestic,7600,"WiFi, Laundry",9876543852,4,95,Co-living,"Near Majestic Metro Station"
341,"Elite Haven PG","MG Road",9800,"WiFi, AC, Food, Gym",9876543853,4.9,160,Girls,"Adjacent to Brigade Road"
342,"Skyline Stays",Yeshwanthpur,7700,"WiFi, Laundry",9876543854,4.1,90,Boys,"Near Yeshwanthpur Railway Station"
343,"Emerald Residency","Frazer Town",8800,"WiFi, AC, Food, Laundry",9876543855,4.5,130,Co-living,"Close to Coles Park"
344,"Luxury Living",Rajajinagar,9400,"WiFi, Gym, Food",9876543856,4.7,145,Girls,"Close to Orion Mall"
345,"Platinum Stay","Richmond Town",9700,"WiFi, AC, Gym, Food",9876543857,4.9,155,Boys,"Near UB City"
346,"Crystal PG",Banashankari,8000,"WiFi, AC, Laundry",9876543858,4.3,115,Co-living,"Close to BDA Complex"
347,"Sky Tower PG",Domlur,9300,"WiFi, Gym, Food",9876543859,4.8,145,Girls,"Near EGL Tech Park"
348,"Palm View PG","Kalyan Nagar",7900,"WiFi, Laundry, Food",9876543860,4.2,105,Boys,"Near Elements Mall"
349,"Ruby Heights","KR Puram",8200,"WiFi, AC, Food",9876543861,4.4,110,Co-living,"Close to Hanging Bridge"
350,"Amber Living",Bellandur,8800,"WiFi, AC, Gym",9876543862,4.6,130,Girls,"Near Bellandur Lake"
351,"Diamond PG",Jayanagar,8900,"WiFi, Food, Laundry",9876543863,4.5,125,Boys,"Near Jayanagar Shopping Complex"
352,"Cozy Haven PG",Ulsoor,8700,"WiFi, AC, Food",9876543864,4.5,120,Co-living,"Near Ulsoor Lake"
353,"Serene Stay",Vijayanagar,7400,"WiFi, Laundry, Food",9876543865,4.1,100,Girls,"Close to Vijayanagar Metro"
354,"Elite Heights",Nagawara,9100,"WiFi, Gym, Food",9876543866,4.7,135,Boys,"Near Manyata Tech Park"
355,"Tranquility PG",Kengeri,7300,"WiFi, AC, Laundry",9876543867,4,85,Co-living,"Close to Kengeri Metro"
356,"Urban Oasis","Sarjapur Road",9200,"WiFi, AC, Food",9876543868,4.8,150,Girls,"Adjacent to Wipro HQ"
357,"Skyline Nest","BTM Layout",8600,"WiFi, AC, Food, Gym",9876543869,4.6,130,Boys,"Close to BTM Lake"
358,"Sunrise Residency","Wilson Garden",7500,"WiFi, Food, Laundry",9876543870,4.3,110,Girls,"Near NIMHANS Hospital"
359,"Elite Living",Koramangala,10200,"WiFi, AC, Gym, Laundry",9876543871,4.9,180,Co-living,"Near Sony Signal"
360,"Sky Haven PG","Bannerghatta Road",8400,"WiFi, Food, AC",9876543872,4.5,125,Boys,"Close to Meenakshi Mall"
361,"Green Nest",Malleshwaram,7800,"WiFi, Laundry",9876543873,4.2,95,Co-living,"Near Mantri Square"
362,"Tranquil Homes",Hebbal,9100,"WiFi, AC, Food",9876543874,4.6,140,Girls,"Near Manyata Embassy Tech Park"
363,"Luxury Stays",Whitefield,9400,"WiFi, Gym, Food",9876543875,4.7,160,Boys,"Close to ITPL Tech Park"
364,"Urban Stay","HSR Layout",8900,"WiFi, AC, Laundry",9876543876,4.6,130,Co-living,"Near HSR BDA Complex"
365,"Cozy Stay PG",Marathahalli,8600,"WiFi, Food, AC",9876543877,4.3,120,Girls,"Close to Innovative Multiplex"
366,"Metro Residency",Rajajinagar,7800,"WiFi, Laundry, Food",9876543878,4.2,100,Boys,"Near Orion Mall"
367,"Serenity Living","RT Nagar",8100,"WiFi, AC, Food",9876543879,4.4,110,Co-living,"Close to RT Nagar Park"
368,"Lakeview Stays",Nagawara,9200,"WiFi, Gym, Food",9876543880,4.8,145,Girls,"Near Manyata Tech Park"
369,"Golden Retreat PG","Kalyan Nagar",8400,"WiFi, AC, Laundry",9876543881,4.5,125,Boys,"Near Elements Mall"
370,"Skyline PG","BTM Layout",8700,"WiFi, Food, Laundry",9876543882,4.6,130,Co-living,"Close to BTM Lake"
371,"Amber Residency",Bellandur,9300,"WiFi, AC, Gym, Food",9876543883,4.7,150,Girls,"Near Bellandur Central Mall"
372,"Royal Comfort PG",Banashankari,7900,"WiFi, Laundry, Food",9876543884,4.2,105,Boys,"Close to BDA Complex"
373,"Lush Green PG",Vijayanagar,8200,"WiFi, AC, Food",9876543885,4.3,110,Co-living,"Near Vijayanagar Metro"
374,"Platinum Living",Indiranagar,9700,"WiFi, AC, Gym, Food",9876543886,4.9,170,Girls,"Near CMH Road"
375,"Emerald Nest PG",Jayanagar,8900,"WiFi, Laundry, AC",9876543887,4.6,140,Boys,"Close to Jayanagar Shopping Complex"
376,"Palm Grove PG",Domlur,8600,"WiFi, Food, Gym",9876543888,4.5,130,Co-living,"Near EGL Business Park"
377,"Sapphire Residency","Electronic City",8700,"WiFi, AC, Food",9876543889,4.4,125,Girls,"Near Infosys Campus"
378,"Crystal Stays","Sarjapur Road",9400,"WiFi, Gym, Food",9876543890,4.7,150,Boys,"Adjacent to Wipro HQ"
379,"Oasis PG","Richmond Town",9100,"WiFi, AC, Laundry",9876543891,4.6,135,Co-living,"Near UB City"
380,"Serene Living","KR Puram",8700,"WiFi, Food, AC",9876543892,4.5,125,Girls,"Close to Hanging Bridge"
381,"Maple Leaf PG",Ulsoor,9300,"WiFi, Gym, Laundry",9876543893,4.7,140,Boys,"Overlooking Ulsoor Lake"
382,"Garnet Stays","Wilson Garden",8000,"WiFi, AC, Food",9876543894,4.3,115,Co-living,"Near Forum Mall"
383,"Topaz Comfort PG",Kengeri,7800,"WiFi, Laundry",9876543895,4.1,100,Girls,"Close to Kengeri Metro"
384,"Diamond Heights","Frazer Town",9200,"WiFi, AC, Gym, Food",9876543896,4.8,155,Boys,"Near Coles Park"
385,"Ruby Stay PG","MG Road",9500,"WiFi, AC, Food",9876543897,4.9,175,Co-living,"Adjacent to Brigade Road"
386,"Pearl Residency",Yeshwanthpur,8900,"WiFi, AC, Laundry",9876543898,4.6,140,Girls,"Close to Metro Station"
387,"Sky Towers PG",Basavanagudi,9100,"WiFi, Gym, Food",9876543899,4.7,150,Boys,"Near Bull Temple"
388,"Orchid PG",Kengeri,8900,"WiFi, Food, Gym",9876543927,4.5,130,Boys,"Close to Metro Station"
389,"Coral Comfort",Ulsoor,9500,"WiFi, AC, Laundry",9876543928,4.8,160,Girls,"Overlooking Ulsoor Lake"
390,"Moonlight Stay",Jayanagar,9200,"WiFi, AC, Gym, Food",9876543904,4.7,140,Girls,"Close to Shopping Complex"
391,"Emerald PG",Koramangala,9400,"WiFi, AC, Laundry",9876543905,4.8,150,Co-living,"Near Sony Signal"
392,"Tranquil Living",Bellandur,8400,"WiFi, Food, Laundry",9876543909,4.3,120,Boys,"Near Eco Space"
393,"Maple Leaf PG","BTM Layout",9700,"WiFi, AC, Gym",9876543910,4.9,165,Girls,"Near BTM Lake"
394,"Ruby Comfort PG",Banashankari,8500,"WiFi, AC, Food",9876543921,4.3,120,Boys,"Close to BDA Complex"
395,"Quartz Living","KR Puram",9200,"WiFi, Gym, AC",9876543922,4.7,150,Girls,"Near Hanging Bridge"
396,"Opal PG",Basavanagudi,9300,"WiFi, AC, Laundry",9876543923,4.8,160,Co-living,"Near Bull Temple"
397,"Crystal Haven",Nagawara,8600,"WiFi, Food, AC",9876543924,4.4,130,Boys,"Near Manyata Tech Park"
398,"Sunrise PG",Marathahalli,8600,"WiFi, Food, Laundry",9876543903,4.3,115,Boys,"Near Innovative Multiplex"
399,"Diamond Stay",Hebbal,9600,"WiFi, Gym, AC",9876543907,4.9,170,Girls,"Near Manyata Tech Park"
400,"Velvet Nest",Whitefield,9100,"WiFi, Gym, Laundry",9876543901,4.6,130,Girls,"Close to ITPL"
401,"Golden Stay","JP Nagar",8500,"WiFi, Laundry, Food",9876543912,4.4,115,Boys,"Near RV Dental College"
402,"Harmony PG","MG Road",9300,"WiFi, AC, Gym, Laundry",9876543913,4.8,160,Girls,"Adjacent to Brigade Road"
403,"Silver Stays",Yeshwanthpur,8900,"WiFi, AC, Laundry",9876543915,4.5,130,Boys,"Close to Metro Station"
404,"Sapphire PG",Rajajinagar,9500,"WiFi, Gym, Food",9876543916,4.8,155,Girls,"Near Orion Mall"
405,"Amber Stay","Kalyan Nagar",8600,"WiFi, Food, AC",9876543918,4.4,125,Boys,"Near Elements Mall"
406,"Garnet Residency","Frazer Town",9700,"WiFi, AC, Gym, Food",9876543919,4.9,170,Girls,"Near Coles Park"
407,"Jade Stay",Malleswaram,9700,"WiFi, Gym, Food",9876543925,4.9,175,Girls,"Close to Mantri Mall"
408,"Jasmine PG",Marathahalli,9100,"WiFi, Food, Laundry",9876544003,4.6,140,Girls,"Near Innovative Multiplex"
409,"Lily Haven",Jayanagar,9700,"WiFi, AC, Gym, Food",9876544004,4.9,170,Girls,"Close to Shopping Complex"
410,"Orchid Stay",Indiranagar,9400,"WiFi, AC, Laundry",9876544005,4.8,160,Girls,"Near Metro Station"
411,"Serene Nest",Hebbal,8900,"WiFi, Gym, AC",9876544006,4.5,140,Girls,"Near Manyata Tech Park"
412,"Greenwoods PG","Electronic City",8500,"WiFi, AC, Food",9876544002,4.3,105,Boys,"Near Infosys Campus"
413,"Summit PG",Marathahalli,9200,"WiFi, Food, Laundry",9876544003,4.6,130,Boys,"Near Innovative Multiplex"
414,"Metro Heights",Jayanagar,9400,"WiFi, AC, Gym, Food",9876544004,4.7,140,Boys,"Close to Shopping Complex"
415,"Aspire PG","RT Nagar",7400,"WiFi, Food, Laundry",9876544011,3.5,75,Co-living,"Close to RT Nagar Park"
416,"Emerald Nest","JP Nagar",7900,"WiFi, Gym, Food",9876544012,3.8,90,Co-living,"Near RV Dental College"
417,"Topaz Comfort","MG Road",7700,"WiFi, AC, Laundry",9876544013,3.4,85,Co-living,"Adjacent to Brigade Road"
418,"Sunbeam Co-living",Domlur,7800,"WiFi, Food, Gym",9876544014,3.7,95,Co-living,"Near EGL Business Park"
419,"Orchid Stay",Kengeri,8900,"WiFi, Food, Gym",9876544027,4.5,130,Boys,"Close to Metro Station"
420,"Coral Comfort",Ulsoor,9500,"WiFi, AC, Laundry",9876544028,4.8,160,Boys,"Overlooking Ulsoor Lake"
421,"Jade Stay",Malleswaram,9700,"WiFi, Gym, Food",9876544025,4.9,175,Boys,"Close to Mantri Mall"
422,"Sapphire PG",Vijayanagar,9000,"WiFi, AC, Laundry",9876544026,4.5,135,Boys,"Near Metro Station"
423,"Easy Life PG","JP Nagar",4700,"WiFi, Laundry",9876544006,1.8,25,Co-living,"Near RV Dental College"
424,"Pocket Stay",Bellandur,5500,"WiFi, Food",9876544007,2.5,60,Co-living,"Near Eco Space"
425,"Affordable Hive","BTM Layout",4600,WiFi,9876544008,1.7,20,Co-living,"Near BTM Lake"
426,"Flora Comfort",Vijayanagar,9200,"WiFi, AC, Laundry",9876544025,4.7,150,Girls,"Near Metro Station"
427,"Daffodil Stay",Kengeri,8900,"WiFi, Food, Gym",9876544026,4.5,135,Girls,"Close to Metro Station"
428,"Rose Haven",Ulsoor,9700,"WiFi, AC, Laundry",9876544027,4.9,170,Girls,"Overlooking Ulsoor Lake"
429,"Petunia PG","HSR Layout",9000,"WiFi, AC, Food",9876544028,4.6,140,Girls,"Near BDA Complex"
430,"Shelter House PG",Kengeri,5000,"WiFi, Laundry",9876544024,2.1,25,Boys,"Near Metro Station"
431,"Just Roof PG","Wilson Garden",5100,WiFi,9876544025,1.9,19,Boys,"Near NIMHANS Hospital"
432,"Boys Budget PG",Banashankari,5300,"WiFi, AC",9876544026,2.5,35,Boys,"Near BDA Complex"
433,"Need-Based PG",Ulsoor,5000,"WiFi, Food",9876544027,2.3,28,Boys,"Near Ulsoor Lake"
434,"Survival Pad PG","KR Puram",4900,"WiFi, Laundry",9876544028,2,22,Boys,"Near Hanging Bridge"
435,"Hibiscus PG","KR Puram",9300,"WiFi, Gym, AC",9876544021,4.8,160,Girls,"Near Hanging Bridge"
436,"Azalea Stay",Basavanagudi,9500,"WiFi, AC, Laundry",9876544022,4.8,165,Girls,"Near Bull Temple"
437,"Dahlia Residency",Nagawara,8700,"WiFi, Food, AC",9876544023,4.4,130,Girls,"Near Manyata Tech Park"
438,"Lakeview PG",Ulsoor,8000,"WiFi, AC, Food",9876544017,3.7,90,Boys,"Overlooking Ulsoor Lake"
439,"Royal Living","Frazer Town",7500,"WiFi, Laundry",9876544018,3.4,65,Boys,"Close to Coles Park"
440,"Oasis PG",Rajajinagar,7900,"WiFi, Food",9876544019,3.8,100,Boys,"Near Orion Mall"
441,"Jupiter PG",Vijayanagar,7000,"WiFi, Laundry, AC",9876544020,3.5,75,Boys,"Near Metro Station"
442,"Metro Stay",Yeshwanthpur,7200,"WiFi, Food, Gym",9876544021,3.9,110,Boys,"Close to Metro Station"
443,"Serenity PG","Sarjapur Road",7600,"WiFi, AC, Food",9876544011,3.9,90,Boys,"Adjacent to Wipro HQ"
444,"Affordable Stay",Domlur,7000,"WiFi, Food",9876544012,3.3,55,Boys,"Near EGL Business Park"
445,"Starlight PG",Banashankari,7300,"WiFi, Laundry",9876544013,3.4,70,Boys,"Close to BDA Complex"
446,"Prime Nest",Jayanagar,7600,"WiFi, AC, Food",9876544014,3.6,85,Boys,"Near Shopping Complex"
447,"Peaceful Living","Richmond Town",8200,"WiFi, Laundry, Gym",9876544015,3.9,105,Boys,"Near UB City"
448,"Sunflower Homes",Yeshwanthpur,8900,"WiFi, AC, Laundry",9876544014,4.5,130,Girls,"Close to Metro Station"
449,"Begonia PG",Rajajinagar,9600,"WiFi, Gym, Food",9876544015,4.9,170,Girls,"Near Orion Mall"
450,"Jade Residency","Richmond Town",9300,"WiFi, AC, Food, Laundry",9876544016,4.7,150,Girls,"Proximity to UB City"
451,"Gardenia PG","Kalyan Nagar",8700,"WiFi, Food, AC",9876544017,4.4,120,Girls,"Near Elements Mall"
452,"Aster Stay","Frazer Town",9900,"WiFi, AC, Gym, Food",9876544018,4.9,180,Girls,"Near Coles Park"
453,"Camellia PG","Wilson Garden",8800,"WiFi, Laundry, Food",9876544019,4.5,130,Girls,"Near NIMHANS Hospital"
454,"Zinnia Homes",Banashankari,8600,"WiFi, AC, Food",9876544020,4.3,120,Girls,"Close to BDA Complex"
455,"Evergreen PG",Bellandur,8600,"WiFi, Food, Laundry",9876544009,4.3,120,Boys,"Near Eco Space"
456,"Serenity Stay","BTM Layout",9700,"WiFi, AC, Gym",9876544010,4.9,165,Boys,"Near BTM Lake"
457,"Oasis Living",Hebbal,7300,"WiFi, Food, Laundry",9876544007,3.5,75,Co-living,"Near Manyata Tech Park"
458,"Zest Homes","Sarjapur Road",7700,"WiFi, AC, Food",9876544008,3.9,100,Co-living,"Adjacent to Wipro HQ"
459,"Peony PG","Richmond Town",8900,"WiFi, Laundry, Food",9876544017,1.6,30,Girls,"Proximity to UB City"
460,"Poppy Haven","Kalyan Nagar",7300,"WiFi, AC",9876544018,2.1,48,Girls,"Near Elements Mall"
461,"Sunrise PG","Frazer Town",7700,"WiFi, Food",9876544019,1.5,25,Girls,"Near Coles Park"
462,"Buttercup PG","Wilson Garden",7200,"WiFi, Laundry",9876544020,2,50,Girls,"Near NIMHANS Hospital"
463,"Magnolia Stay",Banashankari,7400,"WiFi, Food, AC",9876544021,2.3,55,Girls,"Close to BDA Complex"
464,"Gardenia PG","KR Puram",8800,"WiFi, AC, Food",9876544022,2.2,57,Girls,"Near Hanging Bridge"
465,"Petunia PG","Wilson Garden",7200,"WiFi, Laundry, Food",9876544019,3.5,88,Girls,"Near NIMHANS Hospital"
466,"Aster PG",Banashankari,7000,"WiFi, AC, Food",9876544020,3.4,82,Girls,"Close to BDA Complex"
467,"Gardenia Stay","KR Puram",7500,"WiFi, Gym, AC",9876544021,3.9,101,Girls,"Near Hanging Bridge"
468,"Jasmine Stay",Jayanagar,8500,"WiFi, Food, Laundry",9876544004,2,60,Girls,"Close to Shopping Complex"
469,"Lily Nest PG",Koramangala,7900,"WiFi, AC, Laundry",9876544005,1.8,35,Girls,"Near Sony Signal"
470,"Tulip Comfort",Indiranagar,7700,"WiFi, Food",9876544006,2.5,70,Girls,"Close to Metro Station"
471,"Cherry Blossom PG",Hebbal,8100,"WiFi, Laundry",9876544007,1.5,30,Girls,"Near Manyata Tech Park"
472,"Daisy PG","Sarjapur Road",8300,"WiFi, AC",9876544008,2.2,58,Girls,"Adjacent to Wipro HQ"
473,"Nest Retreat",Marathahalli,7600,"WiFi, Food, Laundry",9876544003,3.6,80,Co-living,"Near Innovative Multiplex"
474,"Tranquil Stay",Jayanagar,7400,"WiFi, AC",9876544004,3.4,70,Co-living,"Close to Shopping Complex"
475,"Ruby PG",Banashankari,8500,"WiFi, AC, Food",9876544021,4.2,110,Boys,"Close to BDA Complex"
476,"Titanium Stay","KR Puram",9100,"WiFi, Gym, AC",9876544022,4.6,140,Boys,"Near Hanging Bridge"
477,"Opal Heights",Basavanagudi,9300,"WiFi, AC, Laundry",9876544023,4.7,150,Boys,"Near Bull Temple"
478,"Emerald Living",Nagawara,8600,"WiFi, Food, AC",9876544024,4.4,130,Boys,"Near Manyata Tech Park"
479,"Bare Essentials PG","Frazer Town",5100,"WiFi, Food",9876544011,1.9,21,Boys,"Near Coles Park"
480,"Basic Shelter PG","RT Nagar",5300,"WiFi, Laundry",9876544012,2.3,29,Boys,"Close to RT Nagar Park"
481,"Survival Mode PG",Rajajinagar,5000,WiFi,9876544013,2.4,32,Boys,"Near Orion Mall"
482,"Orchid Girls PG",Indiranagar,7800,"WiFi, AC, Laundry",9876544004,3.7,100,Girls,"Near Metro Station"
483,"Jasmine PG","HSR Layout",7400,"WiFi, Food",9876544005,3.6,88,Girls,"Close to Sarjapur Road"
484,"Sunflower Stay","JP Nagar",7000,"WiFi, AC",9876544006,3.4,80,Girls,"Near RV Dental College"
485,"Peony PG","BTM Layout",7600,"WiFi, Food, Laundry",9876544007,3.9,95,Girls,"Near BTM Lake"
486,"Blossom Girls PG",Hebbal,7300,"WiFi, AC",9876544008,3.3,85,Girls,"Close to Manyata Tech Park"
487,"Lavender PG",Bellandur,7100,"WiFi, Laundry",9876544009,3.5,82,Girls,"Near Eco Space"
488,"Survival Stay",Koramangala,5300,"WiFi, Food",9876544004,2.4,55,Co-living,"Near Sony Signal"
489,"Simple PG",Indiranagar,5100,"WiFi, AC",9876544005,2.1,45,Co-living,"Close to Metro Station"
490,"Magnolia PG",Basavanagudi,7700,"WiFi, AC, Laundry",9876544022,3.7,93,Girls,"Near Bull Temple"
491,"Dandelion Living",Nagawara,6900,"WiFi, Food, AC",9876544023,3.2,75,Girls,"Near Manyata Tech Park"
492,"Begonia Girls PG",Malleswaram,7800,"WiFi, Gym, Food",9876544024,3.9,99,Girls,"Close to Mantri Mall"
493,"Cedar PG","Frazer Town",9700,"WiFi, AC, Gym, Food",9876544019,4.9,170,Boys,"Near Coles Park"
494,"Sunrise Heights","Wilson Garden",8600,"WiFi, Laundry, Food",9876544020,4.3,120,Boys,"Near NIMHANS Hospital"
495,"Sapphire Living","JP Nagar",7800,"WiFi, AC, Food",9876544008,3.8,95,Boys,"Near RV Dental College"
496,"Budget Nest","RT Nagar",6900,"WiFi, Food",9876544009,3.2,50,Boys,"Near RT Nagar Market"
497,"Daffodil PG",Rajajinagar,7300,"WiFi, Food, Gym",9876544015,3.7,92,Girls,"Near Orion Mall"
498,"Blossom Residency",Bellandur,8700,"WiFi, Food, Laundry",9876544008,4.4,125,Girls,"Near Eco Space"
499,"Tulip Homes","BTM Layout",9800,"WiFi, AC, Gym",9876544009,4.9,175,Girls,"Near BTM Lake"
500,"Cheapest PG","Sarjapur Road",5200,"WiFi, AC",9876544009,2.2,50,Co-living,"Adjacent to Wipro HQ"
501,"Basic Comfort",Hebbal,5000,"WiFi, Laundry",9876544010,1.9,40,Co-living,"Near Manyata Tech Park"
502,"No Frills PG","Kalyan Nagar",4800,WiFi,9876544011,1.5,15,Co-living,"Near Elements Mall"
503,"Azalea Stay","Sarjapur Road",6900,"WiFi, Food",9876544010,3.7,78,Girls,"Adjacent to Wipro HQ"
504,"Ivy Girls PG","RT Nagar",7200,"WiFi, AC, Food",9876544011,3.8,90,Girls,"Close to RT Nagar Park"
505,"Zinnia PG","MG Road",7700,"WiFi, Gym, Laundry",9876544012,3.6,98,Girls,"Near Brigade Road"
506,"Violet PG","JP Nagar",9100,"WiFi, Laundry, Food",9876544011,4.6,145,Girls,"Near RV Dental College"
507,"Carnation Stay","MG Road",9500,"WiFi, AC, Gym, Laundry",9876544012,4.8,160,Girls,"Adjacent to Brigade Road"
508,"Magnolia PG",Domlur,9400,"WiFi, Food, Gym",9876544013,4.7,150,Girls,"Near EGL Business Park"
509,"Maple Residency","Richmond Town",9400,"WiFi, AC, Food, Laundry",9876544017,4.7,145,Boys,"Proximity to UB City"
510,"Amber Stay","Kalyan Nagar",8800,"WiFi, Food, AC",9876544018,4.5,130,Boys,"Near Elements Mall"
511,"Orchid Stay",Bellandur,7800,"WiFi, Food",9876544009,2,50,Girls,"Near Eco Space"
512,"Lotus PG","BTM Layout",7600,"WiFi, AC",9876544010,2.1,45,Girls,"Near BTM Lake"
513,"Hibiscus PG","Richmond Town",7800,"WiFi, AC, Laundry",9876544016,3.9,100,Girls,"Proximity to UB City"
514,"Primrose Girls PG","Kalyan Nagar",7000,"WiFi, Food, AC",9876544017,3.3,79,Girls,"Near Elements Mall"
515,"Wisteria Stay","Frazer Town",7600,"WiFi, AC, Gym",9876544018,3.8,97,Girls,"Near Coles Park"
516,"Elite Living",Koramangala,8800,"WiFi, AC, Laundry",9876544005,4.5,125,Boys,"Near Sony Signal"
517,"Ivy Stay",Whitefield,9200,"WiFi, Gym, Food",9876544001,4.7,150,Girls,"Close to ITPL"
518,"Pearl Residency","Electronic City",8800,"WiFi, AC, Food, Laundry",9876544002,4.5,135,Girls,"Near Infosys Campus"
519,"Indigo PG",Indiranagar,9600,"WiFi, Food, Gym",9876544006,4.8,150,Boys,"Close to Metro Station"
520,"Rosewood PG",Koramangala,9500,"WiFi, AC, Laundry, Food",9876544000,4.8,160,Girls,"Near Sony Signal"
521,"Lotus PG","Sarjapur Road",9000,"WiFi, AC, Food",9876544007,4.6,135,Girls,"Adjacent to Wipro HQ"
522,"Daisy Comfort","RT Nagar",8900,"WiFi, Food, AC",9876544010,4.5,130,Girls,"Close to RT Nagar Park"
523,"Mimosa PG",Malleswaram,9900,"WiFi, Gym, Food",9876544024,4.9,180,Girls,"Close to Mantri Mall"
524,"Everest PG","HSR Layout",8700,"WiFi, Food, AC",9876544000,4.4,110,Boys,"Near BDA Complex"
525,"Sunbeam Stay",Whitefield,8900,"WiFi, Laundry, Gym",9876544001,4.5,120,Boys,"Close to ITPL"
526,"Pink Haven PG","HSR Layout",7500,"WiFi, Food",9876544000,2.4,50,Girls,"Near Agara Lake"
527,"Blush Stay",Whitefield,8200,"WiFi, Laundry",9876544001,2.1,65,Girls,"Close to ITPL"
528,"Ocean View PG",Hebbal,9100,"WiFi, AC, Food",9876544007,4.6,135,Boys,"Near Manyata Tech Park"
529,"Tough Living PG",Hebbal,5200,WiFi,9876544021,2.3,28,Boys,"Close to Manyata Tech Park"
530,"Tight Budget PG",Nagawara,4700,"WiFi, Food",9876544022,2,20,Boys,"Near Manyata Tech Park"
531,"Shared Roof PG","Richmond Town",5300,WiFi,9876544023,2.4,32,Boys,"Near UB City"
532,"Cozy Cove","HSR Layout",7500,"WiFi, Food",9876544000,3.8,75,Co-living,"Near BDA Complex"
533,"Budget Stay","Electronic City",5000,WiFi,9876544000,2.5,50,Co-living,"Near Infosys Campus"
534,"Basic Nest",Marathahalli,4800,"WiFi, Food",9876544001,2.3,40,Co-living,"Near Innovative Multiplex"
535,"Minimal Living",Whitefield,5200,"WiFi, Laundry",9876544002,2,35,Co-living,"Close to ITPL"
536,"Econo PG","HSR Layout",4900,WiFi,9876544003,1.9,30,Co-living,"Near BDA Complex"
537,"Survivor PG","Kalyan Nagar",5100,"WiFi, Laundry",9876544017,2.1,24,Boys,"Near Elements Mall"
538,"Budget Roof PG","Sarjapur Road",5300,"WiFi, AC",9876544018,2.4,31,Boys,"Near Wipro HQ"
539,"Strict Budget PG",Domlur,4600,"WiFi, Food",9876544019,2.2,27,Boys,"Near EGL Business Park"
540,"Tiny Space PG",Basavanagudi,4900,"WiFi, Laundry",9876544020,1.7,15,Boys,"Near Bull Temple"
541,"Marigold PG","JP Nagar",7300,"WiFi, Food, Laundry",9876544012,2.4,66,Girls,"Near RV Dental College"
542,"Petal Stay","MG Road",8800,"WiFi, AC, Food",9876544013,2.3,55,Girls,"Adjacent to Brigade Road"
543,"Ivy Comfort PG",Domlur,7600,"WiFi, Food, AC",9876544014,1.9,40,Girls,"Near EGL Business Park"
544,"Violet Nest",Yeshwanthpur,8100,"WiFi, Laundry",9876544015,2.5,70,Girls,"Close to Metro Station"
545,"Lavender PG",Rajajinagar,8500,"WiFi, Food, AC",9876544016,2.4,68,Girls,"Near Orion Mall"
546,"Skyline Residency","Sarjapur Road",9300,"WiFi, AC, Food",9876544008,4.7,145,Boys,"Adjacent to Wipro HQ"
547,"Pocket Friendly PG",Indiranagar,5000,"WiFi, Food",9876544007,1.8,18,Boys,"Near Metro Station"
548,"No Frills PG","JP Nagar",4700,WiFi,9876544008,2.2,30,Boys,"Close to RV Dental College"
549,"Basic Stay PG",Whitefield,4900,"WiFi, Laundry",9876544009,2.4,33,Boys,"Near ITPL"
550,"Minimalist PG",Koramangala,4600,WiFi,9876544010,2.1,26,Boys,"Near Forum Mall"
551,"Lotus Girls PG",Koramangala,7200,"WiFi, Food, Laundry",9876544000,3.8,95,Girls,"Near Forum Mall"
552,"Rosewood Stay",Whitefield,7500,"WiFi, AC",9876544001,3.5,85,Girls,"Close to ITPL"
553,"Daisy PG",Marathahalli,7100,"WiFi, Laundry, Food",9876544002,3.9,90,Girls,"Near Innovative Multiplex"
554,"Tulip Living","Electronic City",6800,WiFi,9876544003,3.2,75,Girls,"Near Infosys Campus"
555,"Green Haven",Whitefield,7800,"WiFi, AC, Laundry",9876544002,3.8,90,Boys,"Near ITPL Road"
556,"Serene Stay",Marathahalli,7900,"WiFi, Food, Gym",9876544003,3.7,95,Boys,"Close to Innovative Multiplex"
557,"Snowdrop PG",Basavanagudi,7500,"WiFi, Laundry",9876544023,1.8,35,Girls,"Near Bull Temple"
558,"Camellia Comfort",Nagawara,7200,"WiFi, Food",9876544024,2,50,Girls,"Near Manyata Tech Park"
559,"Bamboo Orchid PG",Malleswaram,8600,"WiFi, AC, Food",9876544025,2.5,75,Girls,"Close to Mantri Mall"
560,"Tulsi Residency",Vijayanagar,8300,"WiFi, Laundry",9876544026,2.4,60,Girls,"Near Metro Station"
561,"Saffron Stay",Kengeri,7400,"WiFi, Food",9876544027,1.9,38,Girls,"Close to Metro Station"
562,"Budget Stay PG","KR Puram",5000,"WiFi, Laundry",9876544000,2.5,40,Boys,"Near Hanging Bridge"
563,"Simple Living PG","Electronic City",4500,"WiFi, Food",9876544001,2.3,30,Boys,"Close to Infosys Campus"
564,"Rose Stay",Vijayanagar,7100,"WiFi, AC, Laundry",9876544025,3.6,89,Girls,"Near Metro Station"
565,"Clover PG",Kengeri,7300,"WiFi, Food, Gym",9876544026,3.5,85,Girls,"Close to Metro Station"
566,"Marigold Comfort",Ulsoor,7500,"WiFi, AC, Laundry",9876544027,3.8,96,Girls,"Overlooking Ulsoor Lake"
567,"Camellia PG",Domlur,7000,"WiFi, Food, AC",9876544013,3.4,76,Girls,"Near EGL Business Park"
568,"Lily Stay",Yeshwanthpur,7400,"WiFi, AC, Laundry",9876544014,3.5,83,Girls,"Close to Metro Station"
569,"Sunflower PG","Electronic City",7200,"WiFi, Food, Laundry",9876544002,2.3,55,Girls,"Near Infosys Campus"
570,"Rosewood PG",Marathahalli,8000,"WiFi, AC",9876544003,1.9,40,Girls,"Near Innovative Multiplex"
571,"Jasmine Breeze",Ulsoor,9000,"WiFi, AC, Laundry",9876544028,2.5,80,Girls,"Overlooking Ulsoor Lake"
572,"Dahlia PG","RT Nagar",7400,"WiFi, Laundry",9876544011,1.7,33,Girls,"Close to RT Nagar Park"
573,"Elegant Nest PG","HSR Layout",8500,"WiFi, Food",9876544100,3.8,110,Girls,"Near Agara Lake"
574,"Blush Haven",Whitefield,8900,"WiFi, AC, Laundry",9876544101,4.2,140,Girls,"Close to ITPL"
575,"Rosewood Girls PG",Hebbal,9000,"WiFi, Laundry",9876544107,3.9,100,Girls,"Near Manyata Tech Park"
576,"Jasmine PG","Sarjapur Road",8200,"WiFi, AC",9876544108,4.4,160,Girls,"Adjacent to Wipro HQ"
577,"Lily Comfort PG",Bellandur,7900,"WiFi, Food",9876544109,3.7,110,Girls,"Near Eco Space"
578,"Orchid Stay","BTM Layout",8500,"WiFi, AC",9876544110,4.2,130,Girls,"Near BTM Lake"
579,"Dahlia PG","RT Nagar",7400,"WiFi, Laundry",9876544111,3.4,90,Girls,"Close to RT Nagar Park"
580,"Marigold PG","JP Nagar",8300,"WiFi, Food, Laundry",9876544112,4.1,140,Girls,"Near RV Dental College"
581,"Pearl Residency","MG Road",9100,"WiFi, AC, Food",9876544113,4.5,190,Girls,"Adjacent to Brigade Road"
582,"Ivy Haven",Domlur,7900,"WiFi, Food, AC",9876544114,3.9,125,Girls,"Near EGL Business Park"
583,"Garnet Residency","Wilson Garden",7300,"WiFi, Laundry",9876544120,3.2,80,Girls,"Near NIMHANS Hospital"
584,"Magnolia Comfort",Banashankari,7800,"WiFi, Food, AC",9876544121,4.1,145,Girls,"Close to BDA Complex"
585,"Platinum Stay","KR Puram",9000,"WiFi, AC, Food",9876544122,4.6,210,Girls,"Near Hanging Bridge"
