location,rent,deposit,room_type,furnishing
BTM Layout,15147,28080,Double,Fully Furnished
Whitefield,12451,27099,Double,Fully Furnished
Indiranagar,23343,40310,Single,Unfurnished
Whitefield,21635,45431,Triple,Semi Furnished
Whitefield,13959,43724,Double,Unfurnished
HSR Layout,8126,34916,Single,Unfurnished
Indiranagar,16795,27083,Triple,Semi Furnished
Indiranagar,19641,42614,Triple,Unfurnished
Indiranagar,15196,46724,Single,Unfurnished
Whitefield,19559,29223,Single,Unfurnished
BTM Layout,11368,24940,Double,Semi Furnished
Indiranagar,11797,39655,Triple,Fully Furnished
Whitefield,23114,48152,Triple,Fully Furnished
HSR Layout,21718,48758,Single,Semi Furnished
BTM Layout,9792,23456,Triple,Fully Furnished
HSR Layout,19053,27788,Double,Unfurnished
BTM Layout,11476,48082,Triple,Fully Furnished
Whitefield,11417,44983,Single,Unfurnished
Koramangala,9645,44034,Single,Fully Furnished
BTM Layout,22755,22711,Double,Semi Furnished
HSR Layout,11072,31280,Double,Fully Furnished
Whitefield,9854,38052,Triple,Fully Furnished
BTM Layout,12662,36531,Triple,Fully Furnished
Koramangala,14514,42804,Single,Semi Furnished
Koramangala,10708,48903,Double,Fully Furnished
Indiranagar,19694,32089,Double,Semi Furnished
Indiranagar,17524,30142,Double,Unfurnished
HSR Layout,14456,36749,Triple,Fully Furnished
BTM Layout,12212,35587,Double,Semi Furnished
BTM Layout,21224,29866,Single,Semi Furnished
Indiranagar,15970,24531,Single,Fully Furnished
BTM Layout,24920,32686,Triple,Unfurnished
BTM Layout,9625,25330,Triple,Semi Furnished
Koramangala,18314,25510,Double,Fully Furnished
Indiranagar,15973,47122,Triple,Unfurnished
Whitefield,16577,45138,Single,Semi Furnished
Indiranagar,16070,48138,Double,Semi Furnished
Whitefield,16666,47065,Single,Unfurnished
Koramangala,11600,49956,Double,Unfurnished
HSR Layout,14783,28964,Triple,Fully Furnished
BTM Layout,21226,26493,Double,Fully Furnished
Koramangala,17146,46613,Double,Semi Furnished
BTM Layout,12971,47999,Single,Unfurnished
HSR Layout,21490,30759,Single,Unfurnished
HSR Layout,20951,25439,Double,Unfurnished
Koramangala,20312,34473,Triple,Semi Furnished
HSR Layout,9990,29765,Triple,Unfurnished
Whitefield,13299,48270,Single,Unfurnished
HSR Layout,20997,33279,Triple,Semi Furnished
BTM Layout,21472,26511,Single,Fully Furnished
BTM Layout,12380,31483,Triple,Fully Furnished
BTM Layout,12757,43888,Double,Semi Furnished
BTM Layout,18395,37630,Single,Unfurnished
Whitefield,24241,48295,Single,Semi Furnished
Indiranagar,13588,40223,Double,Fully Furnished
Koramangala,12944,44935,Single,Fully Furnished
BTM Layout,21395,49592,Triple,Semi Furnished
HSR Layout,12243,22376,Triple,Semi Furnished
BTM Layout,17916,39393,Single,Fully Furnished
HSR Layout,17984,47569,Triple,Semi Furnished
HSR Layout,9759,45538,Single,Fully Furnished
BTM Layout,17181,31824,Double,Semi Furnished
Whitefield,10482,38211,Single,Semi Furnished
HSR Layout,8951,26979,Double,Semi Furnished
HSR Layout,10079,46189,Triple,Fully Furnished
BTM Layout,10717,29832,Double,Semi Furnished
HSR Layout,17692,46792,Triple,Fully Furnished
HSR Layout,15311,32504,Single,Fully Furnished
BTM Layout,8768,44953,Triple,Semi Furnished
BTM Layout,13490,48790,Single,Semi Furnished
Koramangala,23534,40669,Single,Fully Furnished
Whitefield,14645,26910,Double,Fully Furnished
Whitefield,13232,44945,Double,Unfurnished
HSR Layout,19485,34089,Double,Fully Furnished
Whitefield,13797,22196,Double,Unfurnished
HSR Layout,20342,40131,Triple,Unfurnished
Koramangala,16038,45227,Triple,Unfurnished
BTM Layout,24002,25978,Triple,Semi Furnished
BTM Layout,21087,41991,Single,Semi Furnished
BTM Layout,12873,37153,Triple,Fully Furnished
Whitefield,9481,46997,Triple,Unfurnished
Koramangala,18093,20780,Triple,Semi Furnished
Whitefield,22422,29908,Double,Semi Furnished
Whitefield,24438,26303,Triple,Semi Furnished
Koramangala,15643,34686,Single,Semi Furnished
Koramangala,23708,23983,Double,Semi Furnished
Koramangala,19271,29503,Single,Unfurnished
Koramangala,20600,47935,Triple,Unfurnished
BTM Layout,18998,49921,Double,Unfurnished
Indiranagar,22295,45098,Single,Unfurnished
Indiranagar,18682,36905,Triple,Fully Furnished
Koramangala,24380,33070,Single,Unfurnished
Indiranagar,16519,46896,Single,Semi Furnished
Indiranagar,11300,45511,Single,Unfurnished
Koramangala,14722,43953,Triple,Fully Furnished
Indiranagar,15218,46806,Triple,Semi Furnished
Whitefield,11054,32232,Single,Unfurnished
HSR Layout,21575,42168,Double,Unfurnished
HSR Layout,15970,24583,Double,Unfurnished
Koramangala,10143,25946,Triple,Semi Furnished
BTM Layout,17503,41325,Triple,Semi Furnished
Koramangala,23149,42651,Triple,Fully Furnished
BTM Layout,20175,36377,Triple,Semi Furnished
HSR Layout,16356,27128,Triple,Semi Furnished
Koramangala,23070,31889,Double,Unfurnished
Whitefield,8822,47413,Triple,Semi Furnished
Indiranagar,22289,32275,Single,Unfurnished
BTM Layout,14150,22461,Single,Unfurnished
Indiranagar,12425,34291,Double,Semi Furnished
Indiranagar,24032,34036,Single,Fully Furnished
Koramangala,10198,31435,Double,Fully Furnished
Indiranagar,11452,47935,Double,Semi Furnished
Whitefield,17106,20685,Single,Fully Furnished
Indiranagar,21859,38544,Triple,Unfurnished
Koramangala,16705,43415,Single,Unfurnished
Whitefield,18112,48564,Single,Semi Furnished
HSR Layout,12841,32258,Double,Fully Furnished
Indiranagar,23358,46143,Single,Fully Furnished
Koramangala,9409,41725,Double,Unfurnished
HSR Layout,12566,35990,Triple,Semi Furnished
HSR Layout,19382,36422,Triple,Fully Furnished
BTM Layout,22596,30736,Triple,Semi Furnished
Whitefield,8804,24875,Single,Fully Furnished
Indiranagar,21221,37640,Double,Unfurnished
Koramangala,9279,31182,Triple,Unfurnished
BTM Layout,21192,44081,Double,Semi Furnished
Whitefield,15083,22196,Double,Unfurnished
BTM Layout,19093,48044,Triple,Fully Furnished
Whitefield,20880,27165,Triple,Unfurnished
Whitefield,23517,47284,Double,Semi Furnished
Indiranagar,10106,35997,Triple,Semi Furnished
Whitefield,24086,34215,Double,Semi Furnished
BTM Layout,12831,20301,Double,Fully Furnished
Whitefield,11186,43911,Triple,Fully Furnished
Indiranagar,10573,42765,Single,Fully Furnished
Indiranagar,20808,37030,Triple,Fully Furnished
BTM Layout,10599,49334,Single,Fully Furnished
HSR Layout,12033,34571,Double,Unfurnished
HSR Layout,16428,29951,Double,Fully Furnished
Whitefield,9304,48927,Single,Fully Furnished
Koramangala,16633,45173,Double,Unfurnished
Whitefield,19372,45237,Single,Fully Furnished
BTM Layout,16996,40714,Single,Semi Furnished
BTM Layout,24458,45944,Double,Fully Furnished
BTM Layout,13475,30773,Single,Fully Furnished
BTM Layout,15184,43387,Triple,Semi Furnished
BTM Layout,20875,48444,Triple,Semi Furnished
Indiranagar,9622,36140,Double,Semi Furnished
HSR Layout,23988,39921,Double,Semi Furnished
BTM Layout,16041,33057,Single,Fully Furnished
Koramangala,24725,32500,Single,Semi Furnished
Koramangala,15992,40942,Single,Semi Furnished
Koramangala,23646,42963,Single,Unfurnished
Koramangala,12263,44858,Triple,Semi Furnished
Indiranagar,22060,35921,Triple,Semi Furnished
Koramangala,23156,31870,Double,Unfurnished
BTM Layout,16646,46062,Single,Unfurnished
Whitefield,19664,24082,Single,Fully Furnished
Koramangala,10969,33718,Double,Unfurnished
Indiranagar,11028,40567,Single,Fully Furnished
Indiranagar,11629,49739,Single,Unfurnished
Koramangala,11067,45036,Single,Unfurnished
Whitefield,13941,30517,Single,Fully Furnished
Koramangala,19555,23754,Single,Unfurnished
Indiranagar,21081,47044,Double,Fully Furnished
HSR Layout,14819,21724,Single,Unfurnished
BTM Layout,19046,21376,Double,Semi Furnished
Indiranagar,10711,47319,Single,Unfurnished
Koramangala,12853,28706,Triple,Fully Furnished
BTM Layout,15715,28894,Triple,Unfurnished
Koramangala,16942,38037,Triple,Fully Furnished
Koramangala,23507,38450,Triple,Fully Furnished
HSR Layout,23826,36406,Double,Semi Furnished
BTM Layout,9762,38844,Double,Semi Furnished
BTM Layout,23850,49725,Single,Fully Furnished
HSR Layout,20112,25926,Triple,Unfurnished
Indiranagar,20652,26251,Double,Fully Furnished
Koramangala,14122,29496,Single,Fully Furnished
Whitefield,8481,43679,Single,Unfurnished
Koramangala,22536,23300,Double,Unfurnished
Koramangala,8153,49806,Triple,Unfurnished
Indiranagar,15617,42663,Single,Unfurnished
Koramangala,9524,28553,Triple,Fully Furnished
HSR Layout,10120,43737,Triple,Fully Furnished
HSR Layout,23048,23727,Triple,Semi Furnished
BTM Layout,10343,42656,Single,Fully Furnished
Whitefield,13136,42379,Triple,Unfurnished
Koramangala,9240,45860,Single,Semi Furnished
Koramangala,8060,36898,Triple,Unfurnished
Indiranagar,17130,36832,Single,Fully Furnished
HSR Layout,20312,26019,Triple,Semi Furnished
Whitefield,21350,35463,Double,Unfurnished
BTM Layout,20418,41727,Triple,Semi Furnished
HSR Layout,9252,30047,Triple,Semi Furnished
BTM Layout,16363,49545,Single,Fully Furnished
Indiranagar,17650,44417,Single,Unfurnished
Indiranagar,24314,31754,Triple,Semi Furnished
Koramangala,12090,22520,Double,Semi Furnished
Whitefield,14960,23081,Double,Unfurnished
BTM Layout,11004,21428,Single,Semi Furnished
HSR Layout,24713,23967,Double,Semi Furnished
Indiranagar,11640,26445,Triple,Semi Furnished
Koramangala,9341,34566,Single,Unfurnished
Koramangala,19855,34042,Triple,Unfurnished
BTM Layout,8338,45498,Single,Unfurnished
Indiranagar,13895,31329,Single,Unfurnished
Whitefield,20254,22159,Single,Fully Furnished
Indiranagar,19344,25132,Single,Semi Furnished
BTM Layout,9750,38931,Double,Unfurnished
BTM Layout,10421,39363,Triple,Semi Furnished
Indiranagar,15119,34933,Triple,Semi Furnished
BTM Layout,13319,30473,Triple,Fully Furnished
Indiranagar,23896,39033,Single,Unfurnished
HSR Layout,19918,44889,Double,Unfurnished
Indiranagar,21849,30805,Triple,Semi Furnished
Indiranagar,12873,23083,Double,Unfurnished
BTM Layout,12806,46832,Single,Semi Furnished
BTM Layout,16592,37421,Triple,Semi Furnished
Koramangala,20182,33944,Double,Fully Furnished
Koramangala,24774,39873,Single,Fully Furnished
HSR Layout,20045,27604,Double,Fully Furnished
Koramangala,12430,43928,Triple,Semi Furnished
Indiranagar,16820,35379,Triple,Unfurnished
BTM Layout,12232,39018,Single,Fully Furnished
Koramangala,19122,23983,Single,Unfurnished
Koramangala,23023,21778,Single,Fully Furnished
HSR Layout,16007,44286,Double,Fully Furnished
HSR Layout,17018,25110,Double,Semi Furnished
Indiranagar,9500,41573,Double,Fully Furnished
BTM Layout,14737,32087,Single,Fully Furnished
HSR Layout,11294,43762,Triple,Semi Furnished
Koramangala,12497,37508,Triple,Unfurnished
BTM Layout,8614,37081,Double,Fully Furnished
BTM Layout,17374,22179,Double,Semi Furnished
Koramangala,10667,29596,Triple,Fully Furnished
HSR Layout,21409,25251,Triple,Semi Furnished
Koramangala,24514,29235,Double,Unfurnished
BTM Layout,10983,38313,Double,Unfurnished
Whitefield,20651,34871,Triple,Semi Furnished
Whitefield,16230,21013,Single,Semi Furnished
Indiranagar,14640,36610,Double,Semi Furnished
Koramangala,19779,43705,Triple,Unfurnished
Koramangala,23317,21828,Triple,Fully Furnished
Indiranagar,15564,27909,Triple,Unfurnished
Indiranagar,23520,25588,Triple,Semi Furnished
Indiranagar,21737,33109,Single,Semi Furnished
BTM Layout,17323,22023,Triple,Unfurnished
Koramangala,23229,41350,Double,Semi Furnished
BTM Layout,19713,47028,Single,Unfurnished
Indiranagar,16502,34537,Triple,Semi Furnished
Koramangala,8545,46661,Single,Fully Furnished
BTM Layout,12346,25891,Double,Fully Furnished
BTM Layout,17996,48859,Triple,Semi Furnished
Indiranagar,23775,21080,Double,Unfurnished
Koramangala,21919,25036,Triple,Fully Furnished
Indiranagar,11810,35379,Triple,Unfurnished
Koramangala,15206,46896,Triple,Semi Furnished
Whitefield,17005,47766,Triple,Unfurnished
HSR Layout,24371,30822,Triple,Fully Furnished
HSR Layout,20316,22563,Single,Unfurnished
HSR Layout,16436,23292,Triple,Unfurnished
Indiranagar,20984,49197,Triple,Semi Furnished
Whitefield,8271,23586,Single,Semi Furnished
Koramangala,18616,36087,Single,Semi Furnished
BTM Layout,12361,36100,Single,Fully Furnished
Koramangala,15069,40815,Single,Fully Furnished
BTM Layout,11430,43225,Single,Semi Furnished
Koramangala,20676,49750,Single,Semi Furnished
Whitefield,18816,26643,Triple,Fully Furnished
BTM Layout,10050,47523,Triple,Fully Furnished
Indiranagar,19692,23959,Double,Fully Furnished
Koramangala,9165,31005,Triple,Fully Furnished
Koramangala,10033,30775,Triple,Semi Furnished
BTM Layout,8145,20161,Single,Fully Furnished
Indiranagar,22269,36029,Single,Semi Furnished
Indiranagar,15832,36977,Triple,Unfurnished
Whitefield,22286,34226,Double,Unfurnished
Indiranagar,10632,47835,Single,Fully Furnished
Indiranagar,12494,48731,Triple,Unfurnished
Indiranagar,23152,31154,Triple,Unfurnished
HSR Layout,17155,32080,Double,Unfurnished
Whitefield,18426,23390,Double,Fully Furnished
Koramangala,18233,25997,Single,Fully Furnished
BTM Layout,9828,42738,Double,Unfurnished
Koramangala,20260,32693,Triple,Semi Furnished
Whitefield,17130,37047,Triple,Unfurnished
BTM Layout,12805,29324,Double,Fully Furnished
Whitefield,8806,49771,Double,Fully Furnished
Indiranagar,16202,20541,Double,Fully Furnished
BTM Layout,9868,41817,Double,Unfurnished
Indiranagar,22561,25093,Single,Semi Furnished
Koramangala,23512,33428,Double,Fully Furnished
Koramangala,22899,31166,Single,Fully Furnished
BTM Layout,24220,37251,Triple,Unfurnished
BTM Layout,23934,36063,Double,Semi Furnished
Whitefield,13429,30258,Single,Unfurnished
Whitefield,17076,45007,Double,Fully Furnished
Indiranagar,11564,36044,Triple,Semi Furnished
BTM Layout,9389,49411,Triple,Semi Furnished
Koramangala,19593,25469,Triple,Fully Furnished
Whitefield,15274,48854,Double,Semi Furnished
Whitefield,18745,26256,Double,Semi Furnished
Koramangala,22199,45782,Single,Unfurnished
Whitefield,23876,30720,Triple,Fully Furnished
Indiranagar,16245,21169,Double,Fully Furnished
BTM Layout,15214,20830,Triple,Fully Furnished
Koramangala,8726,21651,Triple,Fully Furnished
BTM Layout,21832,37520,Single,Fully Furnished
Whitefield,19362,39194,Single,Semi Furnished
Whitefield,18106,45051,Single,Unfurnished
Koramangala,15657,47386,Single,Fully Furnished
Indiranagar,22551,29518,Triple,Unfurnished
HSR Layout,15906,33258,Single,Unfurnished
Koramangala,15287,36184,Single,Semi Furnished
HSR Layout,8892,21019,Single,Fully Furnished
HSR Layout,18222,41621,Single,Semi Furnished
Indiranagar,12675,30028,Triple,Fully Furnished
HSR Layout,9933,32448,Single,Semi Furnished
HSR Layout,19873,47024,Triple,Unfurnished
Indiranagar,21239,32485,Double,Fully Furnished
HSR Layout,18874,21283,Triple,Unfurnished
HSR Layout,13016,37043,Triple,Unfurnished
HSR Layout,21774,49742,Single,Semi Furnished
Koramangala,17752,38394,Double,Fully Furnished
Koramangala,23585,44974,Double,Unfurnished
Koramangala,15291,21733,Double,Semi Furnished
Indiranagar,8974,38509,Double,Fully Furnished
Whitefield,12133,38555,Triple,Fully Furnished
HSR Layout,22663,44650,Double,Unfurnished
HSR Layout,11972,36230,Triple,Fully Furnished
Indiranagar,13295,34472,Triple,Unfurnished
HSR Layout,21913,32889,Triple,Fully Furnished
Koramangala,17105,23471,Double,Semi Furnished
Whitefield,16228,29028,Single,Unfurnished
BTM Layout,17903,42008,Single,Unfurnished
HSR Layout,11020,45075,Double,Fully Furnished
Koramangala,16987,28329,Single,Fully Furnished
BTM Layout,20880,22097,Single,Unfurnished
Whitefield,13233,34082,Triple,Fully Furnished
BTM Layout,17516,41452,Triple,Semi Furnished
Koramangala,22559,33930,Double,Fully Furnished
BTM Layout,24701,48272,Double,Semi Furnished
Indiranagar,10396,30077,Single,Semi Furnished
BTM Layout,9591,26397,Triple,Semi Furnished
HSR Layout,19303,22757,Double,Semi Furnished
HSR Layout,14183,40304,Double,Semi Furnished
Indiranagar,9312,44570,Double,Fully Furnished
Koramangala,15314,38284,Double,Semi Furnished
HSR Layout,10139,38994,Double,Fully Furnished
Whitefield,22688,43284,Double,Semi Furnished
HSR Layout,14924,48562,Single,Unfurnished
HSR Layout,8362,37833,Triple,Semi Furnished
Koramangala,21481,45122,Triple,Unfurnished
BTM Layout,11738,25017,Double,Semi Furnished
HSR Layout,10469,36370,Triple,Semi Furnished
Indiranagar,24106,49252,Triple,Semi Furnished
BTM Layout,24940,27999,Triple,Unfurnished
Whitefield,17017,42436,Double,Unfurnished
Koramangala,10808,30195,Double,Semi Furnished
Whitefield,24370,22096,Triple,Fully Furnished
BTM Layout,22870,35433,Triple,Semi Furnished
BTM Layout,20713,45279,Double,Unfurnished
BTM Layout,15561,42788,Single,Semi Furnished
Whitefield,10719,30595,Triple,Unfurnished
BTM Layout,19700,35941,Single,Unfurnished
Whitefield,11741,46201,Triple,Unfurnished
BTM Layout,17766,39715,Single,Semi Furnished
Indiranagar,11998,49309,Single,Unfurnished
BTM Layout,24077,35078,Single,Unfurnished
Whitefield,8294,43846,Double,Semi Furnished
HSR Layout,18177,25105,Single,Unfurnished
BTM Layout,17882,39362,Single,Semi Furnished
HSR Layout,9136,49312,Single,Unfurnished
Indiranagar,10064,22839,Triple,Fully Furnished
Koramangala,15009,23384,Single,Fully Furnished
Indiranagar,20987,30851,Triple,Unfurnished
BTM Layout,12543,30053,Single,Fully Furnished
HSR Layout,9007,47432,Single,Semi Furnished
HSR Layout,13445,33493,Double,Fully Furnished
Whitefield,18706,37069,Triple,Unfurnished
HSR Layout,22749,34139,Single,Unfurnished
Whitefield,19718,27531,Triple,Semi Furnished
Koramangala,17439,24283,Triple,Unfurnished
BTM Layout,21281,27736,Double,Semi Furnished
Whitefield,9435,27710,Double,Fully Furnished
Koramangala,8571,21619,Double,Fully Furnished
HSR Layout,10382,33975,Double,Semi Furnished
HSR Layout,13084,49656,Double,Semi Furnished
Koramangala,24661,32835,Double,Unfurnished
HSR Layout,21507,43252,Double,Fully Furnished
Koramangala,15059,35261,Double,Semi Furnished
Whitefield,20771,21431,Single,Fully Furnished
Whitefield,15491,29067,Triple,Semi Furnished
Koramangala,22527,24713,Double,Fully Furnished
Whitefield,22859,47037,Double,Unfurnished
Whitefield,16073,29557,Triple,Fully Furnished
Whitefield,17077,29435,Single,Fully Furnished
Indiranagar,19383,24998,Triple,Fully Furnished
BTM Layout,24378,20162,Triple,Fully Furnished
HSR Layout,10353,21974,Double,Fully Furnished
Indiranagar,12799,39675,Triple,Unfurnished
Whitefield,19939,28461,Triple,Semi Furnished
Koramangala,10428,37015,Double,Fully Furnished
Whitefield,19296,37289,Double,Unfurnished
BTM Layout,15813,48047,Double,Fully Furnished
Whitefield,22414,47829,Double,Fully Furnished
Koramangala,19801,22014,Triple,Semi Furnished
BTM Layout,19745,29833,Triple,Fully Furnished
Whitefield,21025,27896,Single,Unfurnished
BTM Layout,11356,20204,Single,Unfurnished
HSR Layout,22288,36965,Triple,Semi Furnished
HSR Layout,14540,42059,Single,Fully Furnished
Whitefield,24422,29032,Triple,Unfurnished
BTM Layout,11342,25347,Single,Fully Furnished
Koramangala,17078,46295,Double,Fully Furnished
Whitefield,10844,22643,Single,Fully Furnished
HSR Layout,18396,28017,Double,Semi Furnished
HSR Layout,21998,38681,Double,Fully Furnished
Whitefield,21261,37258,Double,Unfurnished
BTM Layout,11093,25560,Double,Fully Furnished
HSR Layout,19722,35892,Single,Unfurnished
BTM Layout,19645,34531,Triple,Fully Furnished
HSR Layout,23083,37073,Double,Unfurnished
HSR Layout,8988,24000,Single,Unfurnished
Indiranagar,14446,47717,Double,Fully Furnished
HSR Layout,24335,45998,Single,Fully Furnished
Koramangala,24133,34289,Single,Unfurnished
Whitefield,9682,37055,Single,Semi Furnished
Whitefield,13626,27927,Triple,Fully Furnished
BTM Layout,15424,35562,Single,Semi Furnished
HSR Layout,20857,21171,Single,Fully Furnished
Koramangala,20155,41975,Triple,Fully Furnished
BTM Layout,19425,31918,Triple,Fully Furnished
Indiranagar,9980,29135,Single,Fully Furnished
BTM Layout,23522,26342,Triple,Semi Furnished
BTM Layout,16984,37833,Double,Fully Furnished
HSR Layout,23883,31929,Double,Unfurnished
Indiranagar,13390,22539,Triple,Unfurnished
BTM Layout,9607,23959,Triple,Semi Furnished
Koramangala,14573,33183,Single,Fully Furnished
Koramangala,13776,42669,Triple,Unfurnished
Whitefield,11676,25432,Single,Semi Furnished
Indiranagar,11380,40644,Double,Fully Furnished
Indiranagar,16711,38745,Triple,Unfurnished
Whitefield,16782,42548,Single,Unfurnished
BTM Layout,21997,49777,Single,Semi Furnished
Indiranagar,14342,48228,Double,Fully Furnished
Koramangala,14059,40054,Triple,Fully Furnished
Koramangala,16884,21753,Double,Unfurnished
HSR Layout,13655,44484,Single,Unfurnished
Indiranagar,20091,46928,Single,Unfurnished
BTM Layout,23251,38322,Triple,Fully Furnished
Whitefield,8526,44946,Single,Semi Furnished
Whitefield,11224,42360,Triple,Semi Furnished
BTM Layout,23069,49524,Double,Fully Furnished
HSR Layout,19536,49055,Triple,Semi Furnished
Whitefield,21547,30123,Triple,Unfurnished
Indiranagar,9763,36376,Single,Semi Furnished
HSR Layout,16712,26588,Single,Semi Furnished
Indiranagar,13797,45000,Triple,Semi Furnished
Koramangala,17208,26304,Single,Unfurnished
HSR Layout,13109,27345,Single,Fully Furnished
Whitefield,24500,49300,Single,Unfurnished
HSR Layout,10433,44259,Triple,Fully Furnished
HSR Layout,24967,45470,Single,Fully Furnished
HSR Layout,12167,43017,Triple,Fully Furnished
HSR Layout,16357,35352,Single,Semi Furnished
Indiranagar,14154,20597,Double,Semi Furnished
Koramangala,16920,39446,Single,Fully Furnished
BTM Layout,8213,22336,Single,Fully Furnished
HSR Layout,11762,49264,Triple,Semi Furnished
Whitefield,21399,29879,Triple,Unfurnished
HSR Layout,17768,20572,Single,Fully Furnished
Whitefield,18640,27521,Double,Unfurnished
Indiranagar,14731,26171,Single,Semi Furnished
Whitefield,13791,43481,Single,Fully Furnished
BTM Layout,23822,38474,Double,Unfurnished
Koramangala,16783,33992,Triple,Unfurnished
Whitefield,21621,42950,Single,Unfurnished
Whitefield,24019,31861,Triple,Semi Furnished
Koramangala,10720,32464,Triple,Semi Furnished
BTM Layout,16905,41008,Double,Unfurnished
HSR Layout,17127,21633,Double,Unfurnished
Whitefield,24385,49637,Triple,Semi Furnished
Koramangala,14368,37901,Single,Unfurnished
Indiranagar,22056,32485,Triple,Unfurnished
Koramangala,20236,30849,Single,Semi Furnished
Indiranagar,22451,23648,Single,Unfurnished
BTM Layout,18433,35177,Double,Unfurnished
HSR Layout,23525,33140,Single,Unfurnished
Koramangala,8089,48164,Single,Semi Furnished
Whitefield,18361,37921,Triple,Unfurnished
BTM Layout,24369,34357,Double,Semi Furnished
Koramangala,11041,33368,Single,Semi Furnished
Whitefield,8105,23137,Single,Fully Furnished
Koramangala,17078,43369,Double,Fully Furnished
Indiranagar,14090,20097,Triple,Unfurnished
Koramangala,14082,31407,Double,Semi Furnished
Koramangala,9925,32722,Double,Fully Furnished
Koramangala,14917,32924,Single,Unfurnished
BTM Layout,8552,23750,Single,Fully Furnished
Koramangala,11911,47733,Triple,Fully Furnished
Whitefield,11389,49259,Single,Semi Furnished
Indiranagar,21629,28535,Single,Semi Furnished
Indiranagar,10430,44558,Double,Fully Furnished
Koramangala,8458,44487,Single,Fully Furnished
BTM Layout,21395,41797,Triple,Semi Furnished
BTM Layout,8207,24666,Double,Unfurnished
Whitefield,8899,36009,Triple,Semi Furnished
Koramangala,19653,36994,Double,Fully Furnished
Indiranagar,24405,21727,Single,Unfurnished
BTM Layout,16601,46866,Double,Fully Furnished
Koramangala,8894,21854,Double,Unfurnished
BTM Layout,8514,30800,Single,Fully Furnished
BTM Layout,12109,25055,Single,Unfurnished
Indiranagar,21258,30271,Triple,Unfurnished
HSR Layout,23313,38708,Triple,Fully Furnished
Whitefield,23349,32819,Single,Unfurnished
Whitefield,15179,29369,Single,Semi Furnished
Indiranagar,18326,29283,Single,Fully Furnished
BTM Layout,19787,33171,Double,Semi Furnished
Koramangala,9560,25774,Double,Fully Furnished
BTM Layout,21612,26519,Double,Unfurnished
Indiranagar,12780,30983,Single,Unfurnished
Whitefield,19894,38133,Triple,Unfurnished
BTM Layout,10356,47251,Single,Fully Furnished
Whitefield,12790,34939,Double,Semi Furnished
Koramangala,24690,20781,Double,Semi Furnished
Whitefield,18181,36282,Single,Fully Furnished
Whitefield,15057,43932,Single,Fully Furnished
HSR Layout,24082,47624,Double,Semi Furnished
HSR Layout,8661,26823,Double,Semi Furnished
HSR Layout,12644,38489,Double,Semi Furnished
Whitefield,23711,40251,Single,Semi Furnished
Indiranagar,10920,27193,Double,Fully Furnished
Whitefield,24002,41360,Double,Fully Furnished
Indiranagar,22025,49118,Triple,Unfurnished
Indiranagar,16946,22113,Single,Semi Furnished
HSR Layout,20732,36280,Triple,Unfurnished
BTM Layout,14236,42263,Triple,Fully Furnished
Koramangala,24309,33565,Double,Fully Furnished
HSR Layout,21518,40354,Single,Unfurnished
HSR Layout,8352,30183,Double,Semi Furnished
BTM Layout,15005,45643,Single,Semi Furnished
Koramangala,22036,43648,Triple,Semi Furnished
Whitefield,24542,37961,Single,Semi Furnished
Whitefield,8956,29203,Double,Unfurnished
HSR Layout,10071,38658,Double,Unfurnished
Koramangala,16595,41253,Double,Fully Furnished
HSR Layout,23140,35795,Single,Semi Furnished
Indiranagar,20803,46390,Triple,Semi Furnished
HSR Layout,11453,43128,Triple,Semi Furnished
HSR Layout,14675,38810,Single,Unfurnished
Whitefield,8955,33489,Double,Semi Furnished
Whitefield,14295,25546,Triple,Unfurnished
Whitefield,23921,26852,Double,Semi Furnished
Indiranagar,23282,48978,Single,Semi Furnished
Whitefield,12703,49450,Double,Fully Furnished
Koramangala,14563,22551,Triple,Semi Furnished
BTM Layout,20003,26411,Triple,Semi Furnished
Koramangala,18817,48233,Double,Fully Furnished
Koramangala,19171,36391,Single,Unfurnished
Whitefield,20582,44471,Double,Unfurnished
BTM Layout,20201,38939,Single,Semi Furnished
BTM Layout,20473,20475,Double,Unfurnished
BTM Layout,17461,41800,Triple,Semi Furnished
Indiranagar,23596,30403,Single,Fully Furnished
Whitefield,8529,45060,Single,Fully Furnished
BTM Layout,20765,27239,Single,Semi Furnished
Indiranagar,21910,26710,Triple,Fully Furnished
HSR Layout,19561,41384,Double,Fully Furnished
HSR Layout,17131,41038,Triple,Semi Furnished
Indiranagar,8525,28078,Single,Semi Furnished
Indiranagar,24385,42447,Double,Fully Furnished
Whitefield,8374,22285,Triple,Unfurnished
Whitefield,20197,25223,Single,Unfurnished
HSR Layout,12648,33521,Single,Semi Furnished
BTM Layout,10365,34889,Triple,Semi Furnished
HSR Layout,9646,26971,Triple,Unfurnished
BTM Layout,8013,49139,Triple,Fully Furnished
BTM Layout,12599,39909,Single,Unfurnished
Whitefield,10278,31531,Triple,Unfurnished
Koramangala,22296,34721,Single,Unfurnished
Koramangala,11155,39206,Triple,Unfurnished
Indiranagar,16321,24943,Single,Semi Furnished
Whitefield,11814,26530,Single,Semi Furnished
BTM Layout,21125,31116,Double,Fully Furnished
Koramangala,11216,20258,Triple,Fully Furnished
BTM Layout,10113,20282,Triple,Fully Furnished
Koramangala,18238,33937,Single,Fully Furnished
Koramangala,21760,21898,Single,Unfurnished
Koramangala,20588,24135,Single,Semi Furnished
Whitefield,11374,26629,Double,Semi Furnished
HSR Layout,14430,31168,Double,Fully Furnished
BTM Layout,19970,46843,Single,Fully Furnished
Whitefield,8629,39584,Triple,Unfurnished
Whitefield,24653,41494,Triple,Unfurnished
Whitefield,18831,43551,Double,Fully Furnished
Whitefield,13724,20612,Double,Semi Furnished
Whitefield,19083,34203,Single,Semi Furnished
Indiranagar,21149,37071,Triple,Semi Furnished
BTM Layout,17472,40074,Single,Fully Furnished
Whitefield,14276,45188,Double,Semi Furnished
BTM Layout,23635,22307,Triple,Unfurnished
Indiranagar,13895,27133,Triple,Unfurnished
Indiranagar,21994,31205,Double,Fully Furnished
BTM Layout,18552,42893,Single,Unfurnished
Koramangala,24959,46357,Single,Fully Furnished
HSR Layout,14099,25906,Triple,Semi Furnished
Koramangala,17499,22591,Double,Semi Furnished
Koramangala,11178,47272,Triple,Semi Furnished
Koramangala,14116,35149,Double,Unfurnished
Whitefield,23563,32150,Single,Fully Furnished
Indiranagar,11568,27183,Double,Semi Furnished
Koramangala,17847,41632,Single,Fully Furnished
Indiranagar,22135,45150,Double,Semi Furnished
BTM Layout,9742,30102,Triple,Unfurnished
HSR Layout,8619,41492,Single,Unfurnished
BTM Layout,9939,39988,Triple,Fully Furnished
BTM Layout,24001,37053,Triple,Unfurnished
Whitefield,8968,40748,Single,Unfurnished
HSR Layout,22846,43713,Single,Fully Furnished
BTM Layout,8281,21283,Triple,Semi Furnished
BTM Layout,23360,20923,Triple,Unfurnished
HSR Layout,14262,21125,Triple,Fully Furnished
HSR Layout,9058,21529,Triple,Unfurnished
BTM Layout,18724,46170,Single,Unfurnished
HSR Layout,13178,28438,Single,Unfurnished
BTM Layout,14980,40095,Triple,Unfurnished
BTM Layout,17200,36154,Double,Fully Furnished
Whitefield,9229,28004,Double,Fully Furnished
Koramangala,16467,29752,Single,Fully Furnished
BTM Layout,10289,42658,Triple,Unfurnished
Indiranagar,9239,30592,Triple,Unfurnished
Koramangala,13370,46819,Single,Unfurnished
Koramangala,24170,23864,Double,Fully Furnished
Koramangala,8125,46515,Double,Unfurnished
Whitefield,20504,49601,Double,Semi Furnished
BTM Layout,23398,44217,Single,Unfurnished
Whitefield,14638,47645,Double,Semi Furnished
BTM Layout,14570,43172,Single,Unfurnished
Whitefield,11249,20226,Single,Fully Furnished
Whitefield,17110,35036,Triple,Unfurnished
Indiranagar,15595,31739,Double,Semi Furnished
Whitefield,21605,36648,Single,Semi Furnished
HSR Layout,20115,29587,Double,Unfurnished
Indiranagar,14294,31749,Double,Semi Furnished
Whitefield,13757,20645,Triple,Semi Furnished
Koramangala,20595,36299,Double,Fully Furnished
HSR Layout,9969,43928,Triple,Unfurnished
HSR Layout,18985,41953,Single,Unfurnished
HSR Layout,12470,39374,Double,Unfurnished
Indiranagar,18225,33675,Single,Semi Furnished
Whitefield,17556,46475,Double,Unfurnished
Whitefield,17206,38888,Single,Unfurnished
Koramangala,17991,30964,Double,Fully Furnished
Koramangala,15519,36087,Double,Fully Furnished
HSR Layout,21669,33537,Double,Fully Furnished
Koramangala,12612,33269,Double,Semi Furnished
Indiranagar,20373,29346,Double,Unfurnished
Whitefield,23552,20587,Double,Fully Furnished
HSR Layout,22646,32763,Double,Fully Furnished
Koramangala,13238,46397,Double,Fully Furnished
Indiranagar,23577,29177,Double,Unfurnished
Indiranagar,23504,24079,Single,Unfurnished
Koramangala,11719,23348,Triple,Unfurnished
Whitefield,8302,42683,Double,Semi Furnished
Koramangala,20144,40215,Triple,Semi Furnished
HSR Layout,18055,45817,Double,Fully Furnished
Koramangala,12440,44765,Double,Unfurnished
Indiranagar,11072,45556,Single,Fully Furnished
Koramangala,21598,46274,Single,Unfurnished
Whitefield,22287,38099,Triple,Unfurnished
BTM Layout,21965,30785,Single,Unfurnished
Koramangala,17519,32328,Single,Semi Furnished
Whitefield,21380,26450,Triple,Semi Furnished
Whitefield,19865,33230,Single,Unfurnished
Indiranagar,16125,49009,Double,Fully Furnished
Whitefield,11291,25433,Triple,Unfurnished
Whitefield,12033,21098,Triple,Unfurnished
Whitefield,13105,27096,Double,Fully Furnished
Whitefield,16133,38710,Single,Unfurnished
HSR Layout,24958,31439,Triple,Fully Furnished
HSR Layout,13704,29087,Triple,Semi Furnished
Indiranagar,15848,36021,Double,Semi Furnished
Koramangala,20975,26416,Double,Fully Furnished
Whitefield,14924,26980,Single,Semi Furnished
Koramangala,8488,43147,Triple,Semi Furnished
Koramangala,15114,38058,Single,Fully Furnished
Indiranagar,23740,31101,Single,Semi Furnished
Whitefield,11173,27950,Double,Unfurnished
Whitefield,9667,29122,Triple,Unfurnished
BTM Layout,12114,32576,Triple,Fully Furnished
Koramangala,11553,45299,Triple,Semi Furnished
Koramangala,15761,47516,Double,Unfurnished
HSR Layout,9000,42433,Double,Unfurnished
BTM Layout,23638,21089,Double,Semi Furnished
HSR Layout,13450,24578,Double,Semi Furnished
HSR Layout,11712,29127,Double,Unfurnished
HSR Layout,9367,30487,Triple,Unfurnished
Indiranagar,16189,20155,Single,Fully Furnished
Indiranagar,17013,45646,Triple,Fully Furnished
HSR Layout,24838,21958,Single,Unfurnished
BTM Layout,11726,30693,Double,Fully Furnished
Koramangala,12806,26344,Single,Unfurnished
BTM Layout,10190,25779,Triple,Unfurnished
Whitefield,17108,48795,Triple,Fully Furnished
Indiranagar,20178,42528,Single,Fully Furnished
Koramangala,10875,41447,Double,Semi Furnished
Koramangala,13592,23830,Double,Semi Furnished
Whitefield,20592,29046,Triple,Semi Furnished
Whitefield,16927,45215,Single,Unfurnished
HSR Layout,22437,46814,Double,Fully Furnished
Indiranagar,19530,29794,Double,Unfurnished
Indiranagar,15010,43043,Triple,Fully Furnished
BTM Layout,19207,20441,Double,Unfurnished
HSR Layout,10989,42424,Single,Semi Furnished
HSR Layout,20040,42309,Triple,Semi Furnished
HSR Layout,17218,34478,Triple,Semi Furnished
HSR Layout,14471,43742,Single,Unfurnished
Indiranagar,10863,24628,Triple,Fully Furnished
Indiranagar,18693,26370,Double,Fully Furnished
HSR Layout,9177,29528,Double,Semi Furnished
BTM Layout,12760,48276,Single,Semi Furnished
Koramangala,8011,37332,Double,Semi Furnished
Koramangala,24353,31565,Single,Semi Furnished
BTM Layout,19556,28179,Single,Fully Furnished
HSR Layout,19563,36013,Double,Unfurnished
Indiranagar,22051,42499,Single,Unfurnished
Koramangala,19022,36843,Double,Unfurnished
Whitefield,16234,43952,Triple,Unfurnished
Whitefield,24173,41030,Triple,Semi Furnished
BTM Layout,21178,20392,Single,Semi Furnished
HSR Layout,14570,32130,Double,Semi Furnished
Koramangala,8406,38171,Double,Unfurnished
HSR Layout,17206,49516,Triple,Semi Furnished
Koramangala,12431,43758,Triple,Semi Furnished
BTM Layout,14542,30449,Double,Fully Furnished
BTM Layout,16906,37522,Single,Fully Furnished
Whitefield,12146,48384,Triple,Semi Furnished
HSR Layout,20046,41125,Single,Fully Furnished
Whitefield,20611,27418,Single,Fully Furnished
HSR Layout,21076,42746,Triple,Semi Furnished
Whitefield,24524,22454,Single,Semi Furnished
Indiranagar,12882,46042,Single,Semi Furnished
Indiranagar,22113,40058,Double,Semi Furnished
Indiranagar,21645,37761,Single,Unfurnished
Indiranagar,14012,35223,Double,Unfurnished
Koramangala,15151,26701,Triple,Semi Furnished
Indiranagar,11610,22597,Triple,Fully Furnished
BTM Layout,17884,20141,Double,Semi Furnished
BTM Layout,14894,22659,Triple,Semi Furnished
Koramangala,21467,40980,Single,Fully Furnished
Indiranagar,24489,29031,Single,Unfurnished
Indiranagar,17873,35037,Single,Semi Furnished
Indiranagar,20289,48194,Triple,Semi Furnished
Whitefield,20208,33970,Single,Unfurnished
HSR Layout,18828,25661,Triple,Unfurnished
Whitefield,10137,26142,Single,Fully Furnished
HSR Layout,9286,32109,Double,Unfurnished
Indiranagar,23710,42010,Triple,Unfurnished
Indiranagar,19371,28787,Triple,Unfurnished
Whitefield,23945,30096,Single,Fully Furnished
Whitefield,15052,28472,Triple,Unfurnished
HSR Layout,11654,36807,Triple,Unfurnished
BTM Layout,23600,43383,Double,Fully Furnished
HSR Layout,16636,48941,Double,Unfurnished
Whitefield,14441,24249,Single,Unfurnished
Whitefield,17667,34949,Double,Fully Furnished
Koramangala,20149,21750,Single,Semi Furnished
Whitefield,9798,41141,Single,Fully Furnished
Koramangala,17600,38351,Single,Unfurnished
BTM Layout,13495,24088,Triple,Unfurnished
HSR Layout,17900,40562,Double,Unfurnished
HSR Layout,21673,44173,Single,Fully Furnished
Koramangala,19130,35282,Double,Unfurnished
HSR Layout,23222,39330,Single,Unfurnished
Whitefield,9300,29641,Double,Fully Furnished
Indiranagar,17435,41778,Double,Semi Furnished
Koramangala,12616,44264,Single,Semi Furnished
HSR Layout,24393,46907,Triple,Unfurnished
Koramangala,18617,25075,Double,Fully Furnished
Koramangala,13752,30412,Triple,Unfurnished
Indiranagar,17852,35686,Triple,Fully Furnished
Whitefield,14295,48365,Single,Fully Furnished
Koramangala,11225,27230,Single,Semi Furnished
HSR Layout,9316,35432,Single,Semi Furnished
BTM Layout,20337,31002,Double,Fully Furnished
Koramangala,14807,33947,Single,Unfurnished
Koramangala,11683,33686,Single,Semi Furnished
Indiranagar,15227,49304,Double,Unfurnished
Whitefield,11273,37915,Double,Semi Furnished
BTM Layout,8145,33074,Single,Semi Furnished
HSR Layout,13010,39374,Single,Unfurnished
BTM Layout,24035,43539,Single,Semi Furnished
HSR Layout,11040,24493,Single,Semi Furnished
Whitefield,17654,45719,Triple,Unfurnished
HSR Layout,24866,37317,Triple,Semi Furnished
Indiranagar,22996,21460,Single,Semi Furnished
Indiranagar,24336,34140,Triple,Semi Furnished
Indiranagar,16853,39107,Double,Unfurnished
Indiranagar,19695,30704,Triple,Fully Furnished
BTM Layout,10852,36669,Triple,Unfurnished
Whitefield,24014,36648,Single,Fully Furnished
HSR Layout,8987,46943,Triple,Semi Furnished
HSR Layout,15622,26816,Triple,Fully Furnished
Indiranagar,17160,31639,Triple,Unfurnished
Indiranagar,14652,34424,Triple,Unfurnished
Koramangala,15421,33965,Double,Semi Furnished
Whitefield,8769,49898,Single,Fully Furnished
BTM Layout,22114,49492,Single,Semi Furnished
HSR Layout,12358,38146,Double,Semi Furnished
Koramangala,19543,31240,Triple,Unfurnished
Koramangala,13699,46957,Double,Fully Furnished
HSR Layout,9125,46845,Triple,Fully Furnished
BTM Layout,18793,20040,Double,Fully Furnished
Koramangala,14764,25827,Single,Fully Furnished
Koramangala,20323,28259,Single,Semi Furnished
Whitefield,21031,37371,Single,Semi Furnished
BTM Layout,22052,34849,Triple,Unfurnished
Koramangala,20640,36232,Triple,Semi Furnished
BTM Layout,15843,27804,Double,Semi Furnished
HSR Layout,22210,44173,Double,Unfurnished
Indiranagar,24456,42101,Single,Unfurnished
Koramangala,18106,48584,Triple,Unfurnished
Whitefield,13189,39582,Double,Semi Furnished
HSR Layout,10472,25374,Triple,Semi Furnished
BTM Layout,14704,41174,Triple,Unfurnished
HSR Layout,11713,43567,Single,Unfurnished
Koramangala,13051,22524,Single,Unfurnished
BTM Layout,18756,29277,Triple,Semi Furnished
Indiranagar,10475,38863,Triple,Semi Furnished
HSR Layout,11610,29885,Triple,Fully Furnished
Koramangala,12255,46891,Triple,Semi Furnished
Whitefield,22484,41538,Single,Semi Furnished
BTM Layout,9735,20778,Double,Semi Furnished
HSR Layout,16258,49165,Single,Unfurnished
HSR Layout,15979,46161,Double,Semi Furnished
Indiranagar,10428,21492,Triple,Unfurnished
Indiranagar,20345,37044,Double,Fully Furnished
Whitefield,15426,37732,Single,Fully Furnished
Whitefield,16533,33615,Single,Unfurnished
Koramangala,13249,45875,Triple,Unfurnished
Koramangala,17686,32132,Single,Unfurnished
Whitefield,22109,30178,Triple,Semi Furnished
Whitefield,8661,27851,Single,Fully Furnished
BTM Layout,20075,36288,Single,Unfurnished
Indiranagar,22788,27156,Triple,Semi Furnished
Koramangala,18060,22044,Double,Fully Furnished
Indiranagar,23836,27368,Single,Semi Furnished
Indiranagar,18526,39900,Double,Fully Furnished
Whitefield,11374,33635,Single,Semi Furnished
BTM Layout,8207,45634,Single,Fully Furnished
HSR Layout,10665,29168,Single,Fully Furnished
BTM Layout,8632,40961,Single,Semi Furnished
BTM Layout,11083,37111,Double,Unfurnished
Indiranagar,21711,47103,Double,Fully Furnished
BTM Layout,18123,31328,Single,Unfurnished
Koramangala,15123,33319,Single,Semi Furnished
Indiranagar,18754,43852,Double,Unfurnished
Koramangala,9679,20342,Triple,Unfurnished
HSR Layout,23901,21447,Triple,Unfurnished
Indiranagar,8236,46955,Double,Unfurnished
HSR Layout,15446,26581,Single,Unfurnished
Indiranagar,12443,31851,Single,Fully Furnished
Whitefield,23463,26317,Triple,Fully Furnished
BTM Layout,16555,36910,Triple,Fully Furnished
Whitefield,24669,30088,Double,Semi Furnished
HSR Layout,8148,32946,Triple,Unfurnished
BTM Layout,21395,46649,Double,Fully Furnished
Indiranagar,12895,49491,Triple,Semi Furnished
BTM Layout,19023,43132,Triple,Fully Furnished
Koramangala,18699,36789,Triple,Fully Furnished
BTM Layout,17715,34567,Single,Unfurnished
Koramangala,24163,34868,Single,Semi Furnished
BTM Layout,13782,44370,Single,Unfurnished
Koramangala,24724,29765,Triple,Unfurnished
HSR Layout,10817,49176,Double,Fully Furnished
Whitefield,23096,40124,Double,Unfurnished
Indiranagar,13299,32466,Double,Semi Furnished
BTM Layout,17917,48803,Double,Unfurnished
Whitefield,11267,38230,Single,Unfurnished
Indiranagar,12406,37862,Single,Unfurnished
Indiranagar,18382,30587,Triple,Fully Furnished
Koramangala,12437,20771,Triple,Semi Furnished
HSR Layout,13435,41909,Double,Fully Furnished
HSR Layout,12107,36300,Single,Fully Furnished
Whitefield,8560,28770,Double,Fully Furnished
HSR Layout,20329,31093,Triple,Fully Furnished
BTM Layout,9826,33803,Triple,Fully Furnished
HSR Layout,19421,20193,Double,Semi Furnished
Whitefield,20265,22007,Triple,Unfurnished
HSR Layout,15629,37569,Double,Fully Furnished
BTM Layout,16325,38778,Single,Fully Furnished
Koramangala,15693,31190,Double,Semi Furnished
Whitefield,16264,29984,Single,Semi Furnished
Koramangala,20686,29302,Single,Unfurnished
Koramangala,21716,40389,Triple,Semi Furnished
Koramangala,14721,27429,Triple,Unfurnished
Indiranagar,15373,22261,Triple,Fully Furnished
Indiranagar,13907,40120,Double,Fully Furnished
Koramangala,24127,48369,Double,Unfurnished
Whitefield,13656,46512,Triple,Semi Furnished
BTM Layout,16984,26716,Double,Unfurnished
BTM Layout,16286,41259,Triple,Semi Furnished
HSR Layout,13901,48933,Double,Fully Furnished
Whitefield,12917,28921,Single,Semi Furnished
Indiranagar,16429,24378,Single,Unfurnished
Koramangala,22716,27815,Triple,Unfurnished
HSR Layout,23795,33778,Double,Fully Furnished
BTM Layout,19138,39835,Double,Semi Furnished
Indiranagar,10530,49033,Single,Semi Furnished
Indiranagar,13772,44000,Single,Semi Furnished
Koramangala,23476,32728,Triple,Fully Furnished
BTM Layout,23751,30332,Single,Semi Furnished
Whitefield,10964,29836,Triple,Unfurnished
Indiranagar,15137,22800,Single,Semi Furnished
Koramangala,24920,49538,Single,Fully Furnished
Whitefield,21891,28333,Double,Semi Furnished
BTM Layout,15340,25410,Single,Semi Furnished
Indiranagar,15967,37839,Single,Unfurnished
Whitefield,20415,43276,Triple,Semi Furnished
Whitefield,19871,25808,Single,Unfurnished
Whitefield,19916,26796,Triple,Unfurnished
Indiranagar,16734,41180,Single,Fully Furnished
Indiranagar,8845,41477,Single,Unfurnished
HSR Layout,10494,30288,Triple,Unfurnished
BTM Layout,20677,37709,Double,Fully Furnished
Koramangala,20330,41360,Triple,Unfurnished
Whitefield,13179,45789,Triple,Fully Furnished
HSR Layout,14610,37543,Triple,Semi Furnished
Koramangala,14430,24650,Double,Fully Furnished
HSR Layout,15154,49075,Single,Unfurnished
Indiranagar,21828,24987,Triple,Fully Furnished
Whitefield,18145,35200,Triple,Unfurnished
Koramangala,14488,24697,Double,Semi Furnished
Koramangala,11850,36724,Triple,Fully Furnished
Koramangala,21564,23828,Single,Semi Furnished
Koramangala,13078,38352,Double,Unfurnished
Koramangala,20168,37087,Single,Unfurnished
HSR Layout,13448,32605,Single,Semi Furnished
Whitefield,17074,25482,Double,Fully Furnished
Indiranagar,14406,47005,Triple,Fully Furnished
Indiranagar,16800,42760,Single,Unfurnished
Indiranagar,22083,38184,Single,Semi Furnished
Indiranagar,9638,25463,Single,Semi Furnished
HSR Layout,18340,33860,Single,Fully Furnished
BTM Layout,9382,24912,Double,Fully Furnished
Whitefield,9403,24648,Double,Fully Furnished
Koramangala,17011,20855,Single,Semi Furnished
BTM Layout,11292,46388,Triple,Fully Furnished
Indiranagar,17011,22866,Single,Fully Furnished
BTM Layout,8419,31834,Triple,Unfurnished
Whitefield,20411,36294,Single,Fully Furnished
Koramangala,12517,36566,Triple,Fully Furnished
Koramangala,23422,23112,Single,Semi Furnished
Whitefield,17700,42054,Triple,Semi Furnished
Whitefield,13693,24492,Single,Unfurnished
Indiranagar,8767,42207,Single,Fully Furnished
Koramangala,22818,35114,Triple,Unfurnished
BTM Layout,9549,21517,Double,Semi Furnished
HSR Layout,17956,36018,Triple,Unfurnished
HSR Layout,14140,41386,Double,Semi Furnished
Whitefield,18837,37740,Single,Unfurnished
Indiranagar,11716,46750,Triple,Unfurnished
HSR Layout,12481,40013,Triple,Fully Furnished
Koramangala,14548,40012,Triple,Unfurnished
Whitefield,12837,48672,Double,Fully Furnished
BTM Layout,15758,31431,Double,Fully Furnished
Whitefield,18900,48267,Single,Fully Furnished
BTM Layout,15993,28210,Double,Fully Furnished
Whitefield,13542,31595,Double,Unfurnished
Whitefield,22828,32871,Single,Semi Furnished
Whitefield,24052,32743,Triple,Semi Furnished
BTM Layout,10385,47580,Triple,Semi Furnished
BTM Layout,22308,42516,Single,Unfurnished
Whitefield,8671,29324,Triple,Fully Furnished
HSR Layout,8163,31531,Double,Semi Furnished
Indiranagar,16656,26588,Single,Unfurnished
Indiranagar,19234,23311,Single,Fully Furnished
Indiranagar,12795,42432,Single,Semi Furnished
BTM Layout,18634,47948,Triple,Fully Furnished
BTM Layout,12798,42630,Single,Semi Furnished
HSR Layout,18749,20987,Single,Semi Furnished
Indiranagar,13827,23321,Single,Semi Furnished
Indiranagar,12719,35812,Triple,Fully Furnished
Whitefield,8593,24615,Double,Unfurnished
BTM Layout,15394,35512,Single,Fully Furnished
Indiranagar,22056,33146,Double,Semi Furnished
HSR Layout,18636,44749,Triple,Fully Furnished
HSR Layout,8016,33654,Triple,Unfurnished
Indiranagar,11191,40125,Triple,Fully Furnished
BTM Layout,8392,23052,Triple,Unfurnished
HSR Layout,14272,42958,Double,Unfurnished
Whitefield,24955,20726,Single,Fully Furnished
HSR Layout,11631,23760,Triple,Semi Furnished
Koramangala,14172,42190,Triple,Unfurnished
Koramangala,17312,21875,Double,Fully Furnished
BTM Layout,16906,43377,Double,Unfurnished
Indiranagar,24462,33969,Triple,Semi Furnished
